wellDepthFt,precip48hIn,soilMoisturePct,slopePct,usgsBaselineMgL,nitrateMgL
840.0,1.05,30.4,8.7,7.8,6.33
840.0,0.72,33.4,10.0,7.6,5.45
442.0,0.29,25.4,3.2,5.9,5.21
442.0,0.27,31.6,2.5,6.2,6.04
270.0,1.54,33.0,1.2,8.9,7.05
270.0,0.47,35.2,1.8,8.7,5.39
880.0,0.18,12.2,2.9,8.5,3.65
880.0,0.1,20.5,2.5,6.4,3.19
1233.0,0.03,13.2,3.0,6.0,2.75
1233.0,0.38,26.7,3.8,5.7,2.55
358.0,2.29,35.1,3.0,6.5,7.01
358.0,2.1,37.5,1.5,7.9,6.6
165.0,3.18,50.0,3.0,5.5,12.82
165.0,0.3,41.2,2.5,6.8,7.24
450.0,0.07,19.4,4.4,8.8,4.28
450.0,0.63,24.6,2.0,5.9,3.27
200.0,0.28,22.7,2.1,7.8,4.35
200.0,1.63,35.2,2.3,10.6,9.07
400.0,0.5,27.9,2.9,4.2,2.73
400.0,0.59,25.4,1.4,6.9,3.93
140.0,1.04,21.1,2.6,8.6,6.41
140.0,0.09,22.7,4.3,7.3,4.75
116.0,1.99,33.2,9.8,4.4,14.88
116.0,0.82,31.7,4.8,6.9,11.51
247.0,0.02,20.2,1.5,8.2,4.39
247.0,0.18,20.4,3.2,6.8,3.4
56.0,0.09,25.1,6.9,9.4,8.63
56.0,0.0,22.9,6.3,5.0,6.62
500.0,1.01,22.3,4.2,9.3,4.62
500.0,0.78,22.8,3.8,7.5,3.54
49.0,0.05,26.4,3.4,6.8,7.25
49.0,0.15,15.0,5.8,7.1,7.11
22.0,0.0,21.4,3.8,8.5,7.72
22.0,0.1,17.4,3.5,6.3,7.69
34.0,1.83,44.8,2.7,7.3,19.96
34.0,1.75,31.2,3.0,9.7,16.81
150.0,1.46,37.3,6.0,8.1,14.84
150.0,2.52,37.2,8.9,7.5,15.17
230.0,0.62,22.9,0.8,11.4,5.08
230.0,0.06,22.6,3.4,6.6,4.46
112.0,1.74,29.6,2.8,7.3,9.23
112.0,1.84,36.1,5.2,8.0,12.26
662.0,0.81,27.7,1.8,8.1,4.45
662.0,0.89,37.6,1.2,4.3,3.71
55.0,0.06,23.9,4.1,10.2,6.85
55.0,0.05,20.8,4.8,10.6,7.75
568.0,0.34,35.5,1.5,10.1,4.53
568.0,1.29,36.3,2.1,11.4,6.49
585.0,0.99,36.3,3.7,7.4,5.07
585.0,0.37,39.4,4.5,7.3,4.78
359.0,0.67,19.6,2.5,7.6,4.62
359.0,0.0,18.9,2.0,6.6,3.57
57.5,0.74,31.5,4.3,5.7,9.73
57.5,0.91,17.3,3.5,5.0,7.6
90.0,0.78,29.8,4.0,6.4,8.02
90.0,0.66,19.4,2.9,8.9,7.09
345.0,0.94,32.9,3.6,7.4,5.71
345.0,4.26,42.0,1.6,5.0,8.94
278.0,0.4,18.5,3.4,7.2,3.43
278.0,0.61,25.1,4.7,9.6,5.51
197.0,1.75,40.4,2.8,4.6,7.38
197.0,0.98,25.8,1.7,10.0,6.41
550.0,0.65,35.8,2.6,7.8,4.33
550.0,3.17,28.8,3.2,5.7,5.23
172.0,0.57,33.9,3.1,7.4,6.37
172.0,0.83,25.4,2.6,10.5,7.35
30.0,1.07,40.9,4.8,5.7,17.0
30.0,0.75,26.4,0.5,7.9,9.67
776.0,0.03,25.7,3.8,9.9,4.46
776.0,0.0,23.5,2.4,5.2,2.5
268.0,0.5,12.0,2.5,5.6,3.68
268.0,0.55,29.6,2.5,7.8,5.04
40.0,0.32,38.7,1.9,4.4,11.06
40.0,0.61,36.6,5.4,10.0,14.52
227.0,2.36,36.8,4.0,8.4,9.84
227.0,1.9,27.3,1.4,9.8,7.93
62.0,1.36,25.1,7.2,10.1,15.95
62.0,1.12,36.0,3.2,7.9,16.87
275.0,1.06,35.6,0.9,7.9,5.79
275.0,0.45,46.3,2.0,6.6,6.13
280.0,0.21,24.6,2.0,7.0,3.42
280.0,0.12,27.4,1.9,7.3,4.3
465.0,1.1,24.3,4.0,6.2,3.83
465.0,0.27,14.8,2.3,8.2,3.99
110.0,1.35,37.1,6.3,2.8,9.23
110.0,0.44,27.7,1.5,6.0,5.17
300.0,1.13,22.8,4.6,7.2,6.12
300.0,0.34,37.5,3.8,5.6,4.42
300.0,2.25,28.2,3.7,7.4,6.67
300.0,0.33,24.2,2.3,6.1,3.25
300.0,0.57,38.0,2.7,7.0,5.7
300.0,0.63,33.3,2.9,7.4,5.67
438.5,1.73,33.2,0.6,5.4,4.81
438.5,0.8,34.5,0.5,8.3,4.35
240.0,0.17,15.9,7.3,5.7,6.83
240.0,0.05,19.1,10.0,8.2,8.73
378.0,0.58,36.8,2.5,7.4,7.66
378.0,1.06,36.6,11.5,6.3,8.44
500.0,0.83,25.0,3.1,7.8,4.15
500.0,0.95,42.5,3.7,3.8,4.1
340.0,0.05,30.4,2.6,8.7,3.8
340.0,0.02,25.9,2.9,4.5,3.27
471.0,0.83,40.8,3.0,7.3,5.11
471.0,0.43,31.9,3.1,7.3,4.14
362.0,1.49,42.4,8.7,6.4,9.24
362.0,2.27,40.9,6.1,7.9,11.01
169.0,0.36,36.9,1.7,8.7,6.62
169.0,1.34,49.2,0.5,7.4,10.03
370.0,0.3,23.1,3.2,10.6,5.55
370.0,0.8,19.4,4.5,5.4,3.8
220.0,2.46,33.1,7.6,7.0,12.49
220.0,2.12,24.4,6.0,4.9,8.97
701.0,3.42,30.4,6.7,6.9,7.58
701.0,2.06,35.2,4.2,10.5,8.54
1500.0,0.01,16.5,2.3,11.8,4.48
1500.0,0.04,21.9,2.6,6.2,2.28
347.0,0.74,42.9,7.4,2.4,6.48
347.0,0.39,37.0,4.4,4.7,6.51
200.0,2.05,30.9,1.3,5.8,7.17
200.0,0.25,23.6,2.6,6.3,4.2
590.0,0.02,25.6,1.1,8.5,3.79
590.0,0.26,27.8,2.2,8.3,3.81
555.0,0.36,29.8,3.0,5.7,3.9
555.0,1.99,28.9,0.5,3.5,4.15
253.0,0.37,21.5,2.9,7.1,4.67
253.0,0.06,22.8,2.7,4.8,3.29
51.0,1.36,21.1,2.8,6.2,9.5
51.0,0.06,17.1,2.8,9.1,6.78
345.0,2.3,31.0,2.9,8.1,6.8
345.0,1.55,24.2,3.6,8.1,5.27
31.0,0.61,28.4,2.8,5.8,10.43
31.0,1.77,27.2,1.5,8.1,14.33
1288.0,1.92,39.0,1.6,4.5,3.12
1288.0,0.21,40.9,1.8,7.1,4.19
140.0,3.69,38.5,1.8,8.2,13.43
140.0,0.19,41.7,3.7,7.1,8.12
455.0,0.33,40.1,2.8,8.3,5.73
455.0,0.8,39.2,3.9,8.0,5.62
52.0,0.35,38.2,2.9,6.8,11.28
52.0,0.79,40.4,2.5,7.4,12.72
76.0,0.39,21.7,2.1,9.5,6.66
76.0,0.78,16.4,2.8,9.1,7.28
47.0,2.17,39.6,2.9,7.3,18.38
47.0,0.76,23.6,1.8,6.4,8.29
1301.0,0.09,19.4,4.5,5.4,2.07
1301.0,0.1,23.2,2.6,9.0,3.45
38.0,1.89,41.8,4.7,10.1,20.19
38.0,0.76,33.0,4.9,6.1,12.93
586.0,0.29,19.1,4.3,6.2,3.44
586.0,0.21,14.4,2.8,6.1,2.81
24.0,1.5,31.7,2.9,7.4,15.62
24.0,2.16,31.2,1.1,6.3,17.7
340.0,1.41,35.2,2.6,7.8,6.76
340.0,0.06,30.8,1.2,8.3,4.84
45.0,1.69,41.0,3.6,10.0,17.94
45.0,0.86,31.8,3.2,7.9,11.5
41.0,0.0,28.4,2.6,7.5,7.5
41.0,0.24,25.7,1.0,6.6,6.51
259.0,1.02,29.9,8.1,8.3,9.64
259.0,0.07,23.0,6.4,7.4,6.87
303.0,0.01,14.4,4.0,6.2,3.61
303.0,0.28,21.7,4.5,4.6,2.39
208.0,0.29,19.5,3.1,7.6,4.37
208.0,0.12,26.4,1.1,10.5,4.86
41.0,0.65,40.5,0.8,6.8,12.25
41.0,1.24,34.9,1.8,7.1,13.83
38.0,1.63,38.3,3.0,8.3,16.91
38.0,2.7,38.5,3.0,6.0,21.17
32.6,0.29,28.0,2.6,8.2,8.88
32.6,0.93,35.9,3.8,6.4,13.34
1240.0,2.0,37.9,0.7,8.1,4.36
1240.0,0.94,34.0,1.9,7.2,3.12
140.0,1.13,22.7,4.4,7.3,6.79
140.0,0.45,23.6,2.5,10.4,6.54
87.0,0.03,24.9,1.9,9.7,6.23
87.0,0.3,18.8,2.7,8.8,6.51
521.0,0.01,19.3,3.9,9.6,4.29
521.0,0.16,18.6,5.1,6.0,3.01
200.0,0.78,21.8,2.2,6.2,4.97
200.0,0.48,21.2,4.0,8.2,5.09
745.0,2.46,35.4,2.9,6.3,5.43
745.0,0.25,46.0,1.1,9.1,4.91
405.0,2.16,40.0,2.4,7.5,6.97
405.0,2.91,39.9,1.1,8.1,7.58
170.0,0.66,37.6,1.9,6.7,6.25
170.0,1.03,41.3,2.5,9.3,8.41
581.0,0.42,40.0,2.2,5.0,4.1
581.0,0.25,34.6,1.8,7.3,3.49
345.0,0.32,31.9,3.8,4.7,3.49
345.0,1.1,35.3,3.2,7.9,6.16
208.0,0.17,23.2,3.8,8.5,4.82
208.0,0.01,12.0,2.7,8.8,4.66
600.0,0.2,30.4,3.8,9.2,4.09
600.0,0.15,29.7,3.3,6.0,3.71
112.0,1.73,31.4,2.4,7.5,9.94
112.0,1.12,33.8,5.5,7.3,9.77
150.0,0.27,16.6,3.1,10.1,5.59
150.0,0.26,27.0,3.0,6.7,5.26
615.0,0.88,30.1,4.3,9.3,4.52
615.0,0.98,35.7,3.3,6.7,4.47
385.0,0.35,27.8,1.4,5.4,2.45
385.0,0.33,36.8,1.8,5.9,4.73
701.0,0.65,33.7,4.4,7.2,3.69
701.0,3.02,26.9,0.8,9.7,6.05
87.0,0.25,26.3,3.3,7.4,6.3
87.0,0.14,20.6,1.7,5.4,3.93
215.0,0.07,29.0,2.8,5.4,4.41
215.0,0.04,20.9,1.4,7.4,3.27
375.0,1.48,43.0,1.9,7.1,6.14
375.0,1.65,36.7,2.7,7.3,6.18
50.0,0.22,18.7,1.8,5.0,4.99
1203.0,0.46,26.5,1.7,6.0,2.82
1203.0,0.2,32.7,1.6,8.3,3.81
235.0,1.05,42.1,2.4,10.1,7.75
235.0,3.05,27.6,2.9,5.8,8.52
517.0,0.3,29.8,4.6,6.2,3.08
517.0,0.14,23.7,3.3,7.3,3.14
191.0,0.25,38.3,2.9,11.0,7.27
191.0,1.91,45.7,1.1,5.9,9.18
1325.0,1.24,31.0,3.3,8.3,3.63
1325.0,3.26,34.5,2.7,9.2,5.37
973.0,0.9,36.4,1.3,8.6,4.37
973.0,0.61,37.1,4.1,7.4,3.93
67.0,2.26,30.6,9.3,5.6,18.95
67.0,1.25,39.5,6.9,5.2,16.75
55.0,0.73,34.5,3.1,7.3,10.95
55.0,0.56,20.5,3.7,6.0,7.7
127.0,0.03,18.2,2.4,7.3,4.47
127.0,0.02,24.4,3.9,7.2,5.2
373.0,1.75,23.4,4.3,7.3,5.24
373.0,1.69,36.3,1.4,7.3,5.25
663.0,1.04,38.7,1.5,4.9,3.33
663.0,0.65,35.7,3.1,7.5,4.2
329.0,0.91,36.1,1.9,5.9,4.48
329.0,1.68,47.4,3.7,4.7,6.72
469.0,0.18,40.4,1.2,8.6,4.97
469.0,0.85,35.9,2.4,6.2,4.66
36.5,0.0,22.9,2.1,7.2,6.13
36.5,0.13,17.1,5.0,7.2,7.33
30.0,0.54,24.5,2.1,6.4,7.8
30.0,1.44,37.0,0.5,6.0,15.75
442.0,3.72,35.6,6.0,8.9,11.11
442.0,1.43,40.0,10.5,7.3,8.55
63.5,0.25,26.6,3.2,7.4,7.13
63.5,0.22,35.8,2.1,9.4,9.34
160.0,0.26,24.7,1.3,9.0,4.79
160.0,0.22,29.5,0.9,8.0,6.2
226.0,2.22,43.3,1.8,10.4,10.56
226.0,0.55,37.8,3.3,5.3,4.97
38.0,0.86,16.5,5.1,6.8,10.09
1250.0,2.07,37.5,3.0,7.7,4.69
1250.0,2.64,35.3,1.6,8.4,5.15
85.0,1.37,15.5,2.8,7.9,8.45
85.0,0.15,24.9,2.0,7.8,6.22
225.0,4.5,45.1,8.1,8.3,16.91
225.0,0.69,38.4,9.8,6.8,10.12
550.0,0.9,32.3,1.9,9.8,5.06
550.0,0.69,36.7,1.3,5.8,4.19
362.0,1.59,33.7,7.2,5.7,7.99
362.0,1.78,37.7,2.5,4.6,7.19
531.0,2.72,36.9,0.8,5.7,6.32
531.0,1.28,32.6,2.2,10.9,6.52
294.0,1.79,36.0,3.8,9.6,8.35
294.0,2.25,39.4,1.8,5.1,6.87
185.0,0.01,12.7,1.7,9.9,5.1
185.0,0.24,31.3,1.4,6.8,4.66
681.0,2.45,29.7,2.2,7.8,4.58
681.0,0.75,39.9,1.2,7.8,4.49
531.0,0.24,34.2,2.0,7.9,4.22
531.0,0.42,35.7,4.3,7.2,5.18
645.0,0.37,19.7,4.6,5.4,3.03
645.0,0.01,28.1,3.5,5.6,2.58
805.0,1.53,34.5,6.9,10.0,7.22
805.0,1.26,30.3,7.5,8.5,6.48
381.0,0.11,24.6,2.7,8.6,3.6
381.0,0.13,15.2,3.0,4.3,3.06
44.0,0.52,17.9,1.7,5.4,6.65
44.0,0.01,25.5,3.1,5.7,6.08
974.0,0.02,33.8,1.3,10.8,5.29
974.0,0.64,36.4,1.4,6.9,4.16
147.0,0.03,18.0,1.8,7.4,4.89
147.0,0.59,20.7,3.0,6.7,4.63
52.0,1.1,31.1,3.7,7.2,12.04
52.0,2.8,33.2,3.2,7.4,16.98
91.5,0.26,35.1,3.7,8.2,8.84
91.5,0.12,28.7,2.4,6.0,6.09
101.0,0.04,20.0,2.2,5.5,4.26
101.0,0.01,16.7,5.1,7.2,6.04
215.0,1.63,41.7,2.5,9.8,8.86
215.0,1.2,34.7,2.3,8.2,7.39
778.0,0.04,20.2,2.8,7.5,3.73
778.0,0.14,27.7,1.4,3.4,1.66
65.0,0.52,31.3,4.2,5.7,8.5
65.0,0.26,15.8,2.1,9.4,7.26
586.0,0.82,36.2,10.0,7.4,7.36
586.0,2.61,30.4,5.5,7.7,7.7
225.0,0.79,42.9,9.0,9.0,11.01
225.0,2.37,29.4,7.8,7.8,11.89
748.0,0.06,27.5,3.4,8.4,4.53
748.0,0.13,17.1,2.4,3.3,2.11
1245.0,1.09,34.9,2.0,8.0,3.76
1245.0,1.35,37.6,3.5,5.5,3.79
81.0,2.06,37.7,3.8,6.0,13.11
81.0,0.16,34.5,5.0,5.3,7.51
42.0,1.99,32.4,3.7,6.0,15.73
42.0,0.24,28.2,2.0,5.5,7.35
357.0,0.59,24.5,3.8,2.3,2.83
357.0,0.38,12.8,1.8,7.0,4.06
207.0,0.21,28.6,4.5,7.3,4.58
207.0,0.14,17.8,2.3,7.4,4.38
38.0,1.97,27.4,2.7,6.9,14.15
38.0,0.43,15.6,0.5,4.5,6.02
1500.0,0.0,14.7,2.7,6.6,2.35
1500.0,0.16,28.7,3.0,6.9,3.22
810.0,0.02,18.2,2.9,9.1,3.76
810.0,0.06,21.7,4.9,4.0,1.46
59.0,1.69,40.6,2.9,6.2,14.89
59.0,0.64,37.7,1.9,3.3,9.16
455.0,0.35,17.1,2.3,6.8,3.19
455.0,0.27,24.2,2.8,7.0,3.54
370.0,1.39,37.9,3.4,8.3,6.54
370.0,0.21,32.8,1.7,6.2,4.0
346.0,0.08,16.9,2.8,8.9,4.4
346.0,0.27,30.9,1.8,9.0,4.67
200.0,0.46,20.7,4.3,7.0,5.2
200.0,0.09,13.3,3.6,9.1,5.38
286.0,0.83,31.2,1.3,6.4,4.93
286.0,0.3,42.1,2.4,4.2,4.47
462.5,0.09,30.1,3.8,7.2,4.06
462.5,0.15,24.1,1.6,6.4,3.03
32.0,0.86,27.0,2.5,6.6,10.4
32.0,1.4,40.5,2.9,7.0,17.76
815.0,0.42,36.9,3.6,5.1,5.58
815.0,0.98,42.1,8.1,5.8,5.82
756.0,0.32,28.4,2.4,8.1,4.16
756.0,0.45,21.4,0.5,2.6,1.47
121.0,3.98,33.8,3.9,4.9,14.0
121.0,1.4,37.3,1.9,10.4,10.61
577.0,0.66,40.4,8.2,7.9,7.39
577.0,1.12,28.8,10.3,5.7,6.67
910.0,1.4,23.9,5.7,9.1,6.31
910.0,1.44,38.1,7.4,9.9,7.71
165.0,1.05,41.0,2.4,8.4,8.94
165.0,0.85,40.8,2.6,9.2,8.65
240.0,0.09,17.5,1.7,6.0,3.12
240.0,0.0,24.6,3.6,8.5,4.65
166.0,0.37,24.9,3.7,8.0,5.13
166.0,0.14,13.8,5.2,4.3,3.83
561.0,1.27,35.3,1.9,3.8,3.67
561.0,0.57,35.1,2.6,7.3,4.32
155.0,0.07,26.4,1.7,6.1,4.06
155.0,0.68,14.3,3.4,7.0,5.55
54.0,0.22,42.0,7.6,2.0,15.77
54.0,2.68,30.5,12.0,8.6,24.65
1215.0,0.43,16.2,3.3,7.3,2.85
1215.0,0.15,23.7,3.7,5.5,2.17
303.0,0.06,17.7,2.6,9.2,4.27
303.0,0.06,27.1,1.7,6.0,3.37
682.0,0.97,39.8,3.7,7.7,4.61
682.0,1.05,38.6,0.5,5.7,3.97
235.0,0.36,16.7,2.7,9.1,5.06
235.0,0.24,24.0,2.3,7.0,2.88
210.0,0.08,26.7,4.8,6.3,4.41
210.0,1.69,25.6,4.0,8.1,6.97
200.0,0.59,26.9,5.1,10.1,6.41
200.0,0.25,27.4,2.1,4.7,4.45
166.0,1.35,35.3,1.7,6.2,7.52
166.0,0.48,28.4,2.6,5.2,4.82
1325.0,1.05,13.5,0.5,7.2,3.05
1325.0,0.87,34.3,2.6,5.9,3.14
255.0,0.42,29.2,11.4,7.4,9.6
255.0,0.08,33.9,4.4,4.8,7.33
55.0,0.08,31.3,9.2,7.0,13.91
55.0,3.4,38.7,7.1,7.3,26.22
242.0,0.05,23.7,1.8,5.4,3.25
242.0,0.03,15.5,4.3,10.0,4.63
514.0,0.08,20.7,3.6,3.9,2.39
514.0,0.01,16.6,3.3,6.9,3.25
341.0,1.17,27.9,3.3,6.9,4.91
341.0,2.9,33.2,2.4,7.1,7.19
240.0,0.5,24.2,1.1,7.9,4.49
240.0,0.06,18.4,3.0,7.5,4.1
72.0,1.74,33.1,2.6,8.0,12.46
72.0,1.67,31.2,1.8,8.7,12.33
459.5,0.03,22.0,4.0,10.0,4.73
459.5,0.05,18.5,2.4,5.2,2.84
400.0,0.02,21.9,3.5,6.3,2.9
400.0,0.07,15.3,3.0,4.3,2.6
150.0,1.26,38.9,2.8,6.0,8.85
150.0,2.17,32.4,0.5,6.1,8.07
900.0,0.65,26.9,2.6,7.4,3.76
900.0,0.06,23.2,5.0,8.9,4.1
61.0,2.96,34.0,2.3,4.6,15.85
61.0,1.53,34.2,1.1,8.0,12.39
69.0,0.11,19.6,9.3,8.9,12.87
69.0,0.25,22.5,9.4,9.1,12.72
210.0,1.91,23.2,0.6,5.2,5.19
210.0,0.41,34.7,3.4,9.2,6.32
256.0,1.12,31.5,2.6,8.6,6.39
256.0,1.66,24.4,3.7,7.6,6.92
410.0,0.03,24.8,3.1,7.4,2.97
410.0,0.31,22.2,3.6,5.5,2.25
65.0,0.8,27.4,7.9,9.0,15.4
65.0,0.29,19.9,7.3,8.4,12.1
259.0,0.08,27.3,3.2,8.9,5.15
259.0,0.15,24.3,2.7,6.2,3.34
221.0,0.5,30.7,4.3,8.8,6.5
221.0,0.56,38.9,3.2,7.3,6.54
178.0,0.42,17.0,2.9,6.7,4.2
178.0,0.57,18.8,1.4,8.6,5.68
1067.0,0.57,24.2,4.9,5.3,2.14
1067.0,1.34,23.9,0.8,6.9,3.06
1130.0,0.12,19.8,3.7,6.9,3.15
1130.0,0.24,16.1,2.4,8.1,3.95
375.0,0.02,19.5,2.0,4.2,1.81
375.0,0.11,18.8,2.7,10.3,4.19
160.0,0.06,13.3,0.6,7.0,4.15
160.0,1.08,21.6,1.1,7.5,5.92
850.0,3.11,42.2,5.5,8.7,7.46
850.0,3.18,39.3,9.5,4.4,6.52
525.0,0.2,17.7,2.9,10.3,4.52
525.0,0.05,21.5,2.3,8.1,3.42
50.0,0.27,17.7,3.1,6.9,6.8
50.0,0.12,30.4,2.8,6.3,7.72
202.0,0.22,26.0,2.5,5.4,4.06
202.0,0.0,18.5,3.3,5.6,4.21
70.0,0.22,24.0,2.2,8.0,5.42
70.0,0.22,22.8,2.8,10.3,6.92
306.0,1.31,39.8,1.9,5.8,5.48
306.0,1.95,46.7,3.0,5.8,7.93
1233.0,0.06,15.8,1.4,6.2,2.86
1233.0,0.51,23.9,2.1,7.2,3.4
160.0,0.02,30.7,2.6,5.4,4.33
160.0,0.04,22.7,2.0,7.5,3.95
1288.0,0.07,22.5,3.0,4.2,1.03
1288.0,0.09,18.7,3.2,9.0,3.13
1310.0,1.93,36.0,4.1,6.8,5.05
1310.0,4.5,38.1,7.9,8.7,7.35
439.0,0.85,44.0,2.8,8.1,5.55
439.0,0.52,36.6,3.3,10.3,5.81
573.0,0.09,22.5,3.1,4.5,1.78
573.0,0.01,18.3,3.3,5.9,2.87
1215.0,0.02,36.5,3.1,10.6,4.71
1215.0,0.86,34.1,1.6,6.8,3.62
141.0,1.41,31.4,5.3,5.6,8.1
141.0,1.86,35.3,1.4,7.5,8.46
16.0,0.51,23.4,5.3,9.8,12.5
16.0,2.05,30.2,5.3,7.8,20.6
993.0,0.96,43.2,7.0,5.8,5.55
993.0,0.8,34.6,10.6,8.9,6.65
470.0,0.01,21.0,2.7,6.0,2.79
470.0,0.08,15.7,4.2,4.6,2.53
79.0,0.13,28.4,3.7,8.9,7.31
82.7,0.68,37.1,8.6,8.0,12.49
80.0,2.03,30.3,3.4,7.3,12.52
80.0,0.63,38.6,4.4,7.7,11.02
153.0,0.71,32.7,2.8,7.8,7.87
153.0,0.49,20.7,3.9,5.7,4.6
30.0,0.59,40.3,1.3,6.9,13.24
30.0,1.38,33.6,2.6,8.1,16.08
220.0,0.29,26.3,1.8,7.5,4.75
40.0,0.53,30.9,1.2,8.5,9.31
40.0,2.39,38.7,3.3,5.9,19.41
125.0,0.09,19.3,2.9,7.8,4.32
74.0,0.08,20.7,5.0,6.6,6.23
64.0,0.05,23.6,8.3,8.6,12.35
135.0,0.42,35.3,1.4,6.1,5.71
135.0,0.12,32.2,3.4,8.3,7.11
54.0,1.32,33.8,3.1,7.8,13.54
54.0,2.07,25.0,4.7,8.1,12.99
35.0,0.02,34.7,3.0,8.2,10.68
37.0,0.5,24.1,4.5,5.3,8.8
170.0,0.29,22.0,5.0,5.9,4.44
77.0,1.96,25.6,4.1,10.5,12.69
77.0,0.85,36.0,3.2,7.9,10.81
110.0,1.75,30.5,2.7,6.6,8.83
43.0,0.62,32.6,3.2,6.4,10.64
43.0,0.33,33.6,2.5,7.7,10.29
76.0,0.79,26.0,3.6,8.3,8.06
110.0,0.64,18.8,6.4,7.1,7.22
110.0,1.18,21.0,3.9,6.8,7.1
156.0,0.07,17.8,4.5,6.4,4.21
80.0,0.47,32.2,10.1,5.8,13.42
104.0,0.04,22.9,4.0,6.5,4.54
1350.0,0.56,42.8,2.6,7.7,3.96
1350.0,0.4,36.1,1.3,7.0,2.58
27.0,0.07,17.8,2.5,7.0,6.43
80.0,0.19,20.4,11.8,8.1,12.82
80.0,0.49,12.4,8.5,6.7,12.22
30.0,0.09,12.0,2.5,4.6,5.61
30.0,0.4,34.3,3.8,10.0,13.18
67.0,0.92,37.3,6.9,4.9,15.86
193.0,0.24,12.0,5.8,8.8,5.17
135.0,0.11,29.7,3.1,6.1,5.08
135.0,1.09,28.4,1.9,8.0,7.21
35.0,0.75,42.0,1.4,9.3,15.32
35.0,1.66,32.6,2.0,6.0,14.49
26.0,0.7,30.3,3.2,6.1,11.97
169.0,0.28,33.0,0.5,7.2,5.22
169.0,0.5,33.3,1.7,6.1,5.96
35.0,0.77,41.9,0.5,6.5,13.65
46.0,0.16,22.1,2.8,8.8,6.71
90.0,0.0,28.0,2.6,6.8,4.99
37.0,0.67,22.6,2.2,6.5,7.71
90.0,1.48,30.0,2.1,6.4,9.64
90.0,1.02,28.7,1.3,7.4,8.54
68.0,1.02,31.0,1.7,7.6,10.0
81.0,0.27,23.7,2.2,8.2,5.53
36.0,0.31,16.6,1.4,4.9,5.9
36.0,0.06,19.7,1.6,5.1,4.73
52.0,1.12,38.4,3.0,6.9,12.72
52.0,2.02,40.3,4.0,7.5,17.71
118.0,0.04,13.5,3.4,4.4,3.76
41.0,0.29,19.5,3.3,6.3,6.65
80.0,1.39,44.6,0.5,3.8,11.48
150.0,0.03,31.9,1.0,8.8,5.83
150.0,0.26,17.8,4.1,7.7,5.74
25.0,0.7,30.8,3.5,8.1,13.0
25.0,0.16,27.4,1.5,9.9,9.2
81.0,0.99,27.3,2.7,8.2,8.68
81.0,0.82,35.3,3.1,6.5,10.39
62.0,0.05,15.3,5.8,9.1,7.22
72.5,0.09,28.6,2.5,6.1,6.53
72.5,0.49,12.0,0.8,9.4,6.46
31.0,1.38,30.5,2.1,6.9,13.85
31.0,0.52,24.9,4.9,8.0,9.77
49.0,0.31,24.2,2.7,5.5,6.14
144.0,0.26,22.8,3.3,8.5,4.58
51.0,0.38,18.6,4.0,9.7,8.13
51.0,0.15,17.3,2.3,6.2,5.73
40.0,0.35,20.8,1.2,6.7,6.49
40.0,0.54,18.5,3.8,7.6,8.91
158.0,3.48,45.9,2.5,7.8,14.52
154.0,0.46,22.8,2.0,9.5,5.61
145.0,0.1,25.3,4.0,6.3,5.64
66.0,0.07,20.9,0.5,7.0,5.29
80.0,2.79,30.1,5.8,7.0,18.72
80.0,2.12,36.4,5.7,6.6,18.56
220.0,0.02,24.2,3.9,5.1,3.15
220.0,0.18,20.4,1.4,6.6,4.29
15.0,0.21,26.7,2.0,9.1,10.33
15.0,0.28,25.8,2.0,6.3,8.39
40.0,0.01,20.2,2.5,7.1,5.83
40.0,0.4,22.5,2.6,6.3,7.27
77.0,0.05,30.0,2.5,8.1,6.79
77.0,0.02,35.3,3.6,6.7,7.71
185.0,0.05,12.1,3.4,6.1,4.15
169.0,0.53,24.1,1.7,5.3,3.52
169.0,0.59,31.7,1.1,8.5,6.32
70.0,0.58,29.3,2.4,6.5,7.88
50.0,0.83,38.6,2.5,5.2,12.1
50.0,0.91,39.1,2.2,4.6,11.75
78.0,0.27,24.6,3.8,5.2,5.47
126.0,0.27,28.7,1.7,8.8,6.88
126.0,0.13,25.6,2.1,4.4,3.16
1350.0,0.16,40.6,3.5,8.2,4.44
1350.0,1.87,32.4,3.0,8.8,4.6
150.0,0.21,16.1,4.0,8.5,6.13
18.0,0.31,32.4,0.6,5.3,10.33
24.0,0.22,32.3,1.0,7.7,9.69
30.0,1.47,26.7,1.6,8.2,12.96
30.0,0.44,26.1,2.6,5.3,8.97
30.0,0.64,29.3,1.1,7.3,10.75
30.0,0.23,28.0,4.9,4.2,9.25
30.0,1.04,22.0,2.4,9.1,11.86
30.0,0.59,28.9,2.9,7.9,10.94
25.0,0.24,35.3,1.5,10.3,12.91
25.0,0.03,32.3,1.1,7.6,9.45
120.0,0.54,34.1,2.3,7.7,7.08
120.0,1.19,34.5,1.7,7.3,8.94
13.0,0.18,22.2,1.6,4.4,7.2
13.0,0.07,20.9,2.2,9.8,7.36
54.0,1.5,31.9,4.1,4.3,12.6
54.0,0.59,34.0,4.0,7.6,10.51
33.0,1.29,28.0,3.9,9.2,14.25
33.0,0.33,17.6,4.3,6.5,8.31
62.0,0.17,22.9,2.5,7.4,6.38
62.0,0.95,20.4,5.3,7.2,8.97
15.0,2.1,40.2,1.3,7.6,23.86
53.5,0.58,42.8,7.1,4.7,13.62
53.5,3.66,34.1,5.7,6.9,21.51
13.0,1.45,21.0,3.8,6.7,15.8
13.0,0.47,29.3,3.4,5.4,11.89
13.0,0.45,25.0,3.0,8.0,10.18
15.0,0.05,26.7,1.2,8.9,9.02
15.0,2.37,23.3,1.3,7.9,18.19
15.0,0.39,27.0,2.5,9.9,10.93
15.0,0.42,34.2,2.2,11.1,15.23
30.0,0.08,27.1,5.2,5.7,8.64
30.0,0.1,22.7,6.4,7.1,8.6
33.0,0.09,35.2,5.0,7.8,11.79
33.0,1.32,30.6,1.6,7.6,13.25
33.0,0.64,30.8,3.1,6.0,10.74
17.0,0.56,36.7,8.4,6.1,18.0
17.0,0.92,28.8,6.3,8.0,16.01
41.0,2.42,42.3,0.5,7.6,20.08
41.0,3.56,29.3,3.3,8.1,21.4
41.0,1.63,31.3,4.9,8.5,15.11
41.0,0.22,24.9,2.5,6.2,6.39
41.0,0.7,13.0,2.4,9.2,8.9
20.0,0.01,16.1,2.6,10.3,8.77
20.0,0.04,27.1,2.8,6.5,8.21
33.0,0.98,27.8,2.1,7.4,11.3
28.0,0.38,21.9,2.8,9.3,9.39
28.0,0.59,31.0,2.2,5.5,10.06
78.0,0.43,31.7,2.2,9.1,7.97
78.0,0.19,20.1,5.8,7.3,6.66
78.0,0.09,24.4,2.0,9.1,5.66
37.0,1.43,29.7,4.5,5.8,13.83
37.0,0.01,28.9,4.1,7.2,8.65
17.0,0.1,28.8,3.3,5.1,8.22
17.0,0.09,16.1,3.9,7.7,9.43
54.0,0.3,37.7,1.0,7.1,9.65
54.0,3.03,39.1,3.0,10.4,20.94
44.0,0.22,20.0,6.3,6.1,8.55
44.0,0.16,22.0,2.1,6.8,6.46
16.0,0.57,25.8,1.5,7.0,9.39
16.0,0.23,31.5,2.9,2.7,9.99
16.0,1.18,29.1,2.7,6.7,15.32
120.0,0.19,23.0,3.0,5.7,4.23
120.0,0.18,16.7,1.6,10.7,5.36
41.0,0.11,23.7,2.7,4.4,5.92
41.0,0.48,34.0,4.0,9.5,12.72
15.0,1.24,26.3,1.4,8.0,13.63
15.0,0.53,34.9,2.2,8.6,14.41
24.0,2.44,38.8,1.7,7.5,22.86
68.0,0.37,21.5,3.5,8.0,7.05
68.0,0.33,22.1,3.3,4.6,5.23
41.0,1.52,32.6,0.5,4.4,11.92
41.0,0.27,36.0,3.3,6.0,10.01
48.0,0.52,23.6,2.7,5.7,6.57
48.0,0.65,24.6,5.3,8.0,9.6
44.0,0.41,42.1,5.1,7.5,14.92
44.0,0.62,35.4,4.2,7.8,12.88
36.0,0.44,26.1,3.5,6.4,8.81
36.0,0.34,24.8,1.7,6.5,6.95
93.0,0.37,34.3,4.8,7.5,9.17
93.0,0.2,22.8,3.3,11.3,7.13
93.0,0.28,29.9,3.1,9.4,8.09
93.0,0.39,26.7,3.6,5.5,6.09
93.0,0.09,32.8,2.8,6.9,7.02
20.0,0.18,28.8,2.0,4.6,7.81
20.0,0.12,12.0,2.9,13.0,10.6
41.0,1.07,28.2,2.4,10.3,12.68
62.0,0.84,25.1,2.1,5.0,6.31
62.0,0.21,33.4,3.6,4.2,7.8
62.0,0.42,31.7,2.6,6.5,7.9
28.0,1.7,36.7,1.7,6.7,17.43
278.0,1.2,30.8,3.5,9.8,6.26
278.0,1.49,35.5,1.9,6.4,6.05
16.0,3.87,33.0,3.9,7.7,30.45
16.0,1.16,37.2,3.0,4.3,17.63
41.0,0.08,24.9,1.9,9.0,6.67
41.0,0.23,29.4,1.7,4.8,6.97
53.5,2.21,34.5,1.8,3.5,13.92
53.5,0.9,31.4,4.5,6.3,10.82
41.0,0.53,37.6,2.9,7.5,12.95
41.0,0.83,43.8,3.3,7.3,15.31
28.0,0.2,19.2,1.5,5.0,6.05
28.0,0.84,36.7,1.5,7.2,14.33
28.0,0.62,20.8,4.2,4.9,8.31
60.0,0.47,31.3,2.1,7.0,8.71
60.0,1.54,24.6,1.9,5.1,9.43
60.0,0.82,20.5,4.0,5.2,7.17
12.5,0.03,19.8,4.2,9.3,9.15
12.5,0.05,27.9,2.2,10.2,9.79
35.0,0.46,29.1,4.3,6.9,10.2
35.0,0.28,16.5,3.6,9.3,8.47
35.0,0.28,19.7,1.9,6.4,6.3
35.0,0.43,30.8,2.6,6.8,10.23
35.0,1.24,28.7,1.6,4.7,11.19
12.5,0.36,14.6,1.3,8.9,9.07
12.5,0.34,21.0,0.8,3.9,6.43
104.0,1.72,39.5,2.5,6.7,12.08
104.0,0.74,41.3,3.1,6.5,10.11
16.0,1.93,34.3,4.3,9.2,22.44
16.0,0.73,45.7,1.9,9.6,19.75
117.0,0.62,32.7,3.3,5.5,7.02
117.0,0.54,23.1,4.6,10.5,7.45
37.0,0.23,39.8,2.2,5.1,11.29
35.0,1.65,32.4,4.1,8.8,16.81
16.0,0.76,24.6,2.7,7.6,11.59
16.0,0.05,37.0,1.9,6.5,12.66
35.0,0.79,20.8,3.2,6.7,9.43
35.0,0.13,31.1,4.8,7.0,9.95
63.0,0.26,22.9,3.9,7.3,6.96
145.0,1.53,48.4,6.0,9.5,15.43
145.0,3.04,28.5,8.4,7.8,15.48
54.0,0.04,29.2,3.2,9.7,8.92
54.0,0.08,16.4,6.4,8.2,7.45
35.0,0.22,30.7,4.9,4.1,9.51
35.0,0.54,32.9,2.4,3.5,9.66
53.0,0.74,42.3,4.6,7.9,14.15
53.0,0.23,27.2,0.7,6.3,6.43
35.0,0.3,36.6,2.6,6.0,11.62
93.0,0.76,28.1,2.3,11.1,8.24
93.0,2.03,34.6,0.5,5.7,10.9
117.0,1.05,23.4,2.2,9.0,6.87
117.0,0.23,30.1,3.8,7.0,6.03
38.0,2.15,35.8,1.2,4.3,16.29
38.0,0.83,31.3,3.7,7.3,12.58
28.0,0.66,24.8,0.6,5.4,7.91
28.0,0.8,30.0,4.4,8.7,13.46
16.0,0.84,32.2,3.6,7.5,15.47
36.0,2.4,35.2,1.2,10.1,19.45
36.0,1.08,34.8,1.0,6.5,12.68
24.0,0.25,25.8,3.4,7.3,8.85
24.0,0.58,28.4,2.0,8.7,11.07
63.0,0.85,36.8,4.0,8.0,12.2
63.0,0.52,29.9,2.4,8.3,8.5
36.0,1.23,31.1,2.4,5.2,12.85
20.0,0.12,18.6,2.0,5.2,6.17
20.0,0.22,17.8,4.3,8.5,9.25
15.0,0.11,27.4,2.2,6.1,8.54
15.0,0.65,38.1,3.7,9.0,18.45
15.0,0.61,12.3,1.8,9.1,10.84
16.0,0.85,36.3,2.5,2.3,14.77
28.0,2.84,37.8,3.2,4.5,21.46
28.0,1.08,32.2,3.1,7.1,13.23
28.0,0.41,29.9,4.2,6.0,10.76
28.0,0.82,34.9,2.6,7.0,13.37
28.0,0.36,23.7,1.9,4.4,6.52
120.0,0.49,29.4,2.0,7.1,6.29
120.0,0.49,40.9,3.8,6.3,8.78
30.0,0.63,35.2,9.0,8.9,16.03
30.0,2.17,34.7,9.5,9.2,22.45
35.0,1.76,27.8,0.5,8.3,13.24
35.0,0.59,36.7,0.7,8.1,10.97
15.0,0.14,27.0,1.6,8.0,9.17
15.0,0.38,28.1,2.8,10.5,11.95
15.0,0.04,20.9,3.0,6.6,8.42
24.0,0.67,18.9,2.6,7.7,9.7
24.0,1.58,25.6,0.7,5.2,12.04
24.0,0.49,37.1,0.5,3.9,11.84
12.5,0.05,25.5,1.9,7.5,8.82
12.5,0.19,21.7,3.2,7.6,8.42
53.0,1.27,23.5,2.9,6.8,8.7
53.0,0.36,31.3,1.5,8.6,8.74
20.0,0.08,24.5,2.5,5.2,7.04
20.0,0.09,19.4,2.4,3.6,5.88
15.0,0.49,29.4,1.9,3.4,10.27
78.0,1.05,21.3,2.7,5.8,7.43
78.0,0.64,23.1,2.1,8.4,6.93
60.0,0.34,26.0,4.0,9.4,7.65
60.0,0.6,23.5,1.3,6.0,6.99
15.0,0.71,29.8,1.7,6.1,12.55
15.0,0.8,43.7,2.4,7.3,19.48
78.0,2.94,30.8,2.7,7.5,14.4
28.0,1.07,41.2,2.6,8.6,17.99
28.0,0.79,27.1,1.9,8.4,10.45
343.0,1.36,38.1,3.5,10.0,7.21
343.0,2.13,27.0,0.5,10.7,7.34
38.0,0.05,22.1,1.8,5.5,5.06
38.0,0.06,22.2,0.5,7.9,5.84
37.0,0.38,25.5,2.9,7.7,8.75
37.0,2.18,33.9,3.1,6.3,17.4
37.0,0.66,30.4,1.8,3.9,9.29
13.0,0.77,38.2,1.7,2.9,16.26
25.0,0.56,18.1,5.3,6.0,10.1
25.0,0.06,20.0,3.7,7.5,7.77
41.0,2.08,31.5,3.2,8.9,16.04
36.0,1.48,35.2,4.1,9.1,17.16
36.0,2.43,37.8,3.2,5.6,19.34
35.0,2.44,33.7,2.5,6.0,18.22
35.0,0.31,41.2,1.3,6.6,11.43
53.0,0.43,31.0,4.2,8.9,9.91
53.0,0.9,36.5,2.2,4.0,9.83
141.0,0.73,33.7,2.9,4.5,6.54
141.0,0.98,41.9,0.7,5.6,8.19
37.0,3.11,33.5,3.2,6.3,20.8
37.0,1.26,33.0,1.8,5.1,12.13
16.0,0.95,32.5,0.7,9.7,15.7
16.0,0.15,31.8,3.2,8.7,12.25
36.0,0.76,39.2,2.7,9.4,15.18
36.0,0.94,30.7,3.8,4.7,11.97
57.0,0.31,23.4,1.2,7.1,5.23
57.0,0.15,19.1,3.1,7.9,6.02
41.0,0.8,43.3,1.9,8.2,14.75
41.0,1.39,35.8,0.5,5.5,12.55
24.0,1.58,38.5,0.7,6.7,17.92
24.0,1.12,38.4,1.7,5.1,16.22
35.0,0.18,36.2,1.9,6.6,9.94
35.0,1.57,20.4,3.2,9.3,13.65
12.5,0.01,25.8,0.9,7.5,7.66
12.5,0.27,17.6,3.2,8.5,9.33
53.5,0.69,20.5,5.2,5.3,8.93
53.5,0.37,19.0,1.5,7.9,6.78
53.0,1.12,37.2,4.6,8.5,13.77
53.0,3.03,28.9,6.4,6.2,18.07
38.0,0.21,30.6,1.3,8.6,8.66
38.0,1.04,15.9,3.6,9.8,11.29
10.0,0.06,20.5,1.9,5.9,6.86
10.0,0.03,31.1,1.2,6.2,10.1
62.0,0.48,42.1,2.9,7.2,12.39
193.0,0.23,31.3,4.0,6.1,5.29
193.0,1.57,27.3,5.8,8.0,8.26
35.0,2.24,30.2,2.3,10.5,17.47
35.0,0.54,41.7,1.8,9.8,14.52
16.0,0.39,26.6,2.7,7.2,10.8
16.0,1.94,25.5,1.9,7.8,17.39
16.0,0.24,26.2,1.8,9.4,9.71
25.0,0.71,45.7,4.1,8.1,18.46
25.0,3.57,34.0,1.5,4.7,24.1
55.0,0.42,30.2,1.9,7.0,9.13
55.0,0.15,28.7,5.8,7.6,8.42
36.0,0.4,26.1,4.4,5.1,8.51
36.0,0.88,12.3,3.1,8.4,9.41
36.0,0.15,33.6,3.2,8.5,11.05
53.0,0.59,40.5,4.5,9.2,13.34
53.0,0.06,15.6,3.5,5.0,5.24
53.0,0.03,19.6,5.3,7.4,6.24
57.0,2.76,32.9,3.8,8.2,17.19
57.0,0.78,38.5,4.3,8.2,13.09
28.0,0.8,39.8,1.9,11.5,17.15
33.0,1.27,25.8,3.5,11.0,13.24
33.0,1.2,46.0,2.6,5.1,17.7
93.0,1.65,30.6,1.3,7.8,10.04
13.0,0.64,24.1,3.3,8.1,11.53
13.0,0.78,24.7,2.6,7.9,12.58
58.0,1.02,31.9,5.0,6.8,11.36
58.0,1.45,41.9,2.0,6.1,14.44
54.0,0.05,23.3,2.5,9.0,6.26
54.0,0.03,20.0,2.9,7.7,6.52
83.0,1.19,39.7,4.8,3.0,11.14
83.0,2.63,42.0,4.8,7.1,16.3
145.0,0.48,15.4,10.4,8.5,10.4
145.0,0.45,22.7,2.5,6.3,7.23
54.0,0.51,27.2,2.1,3.5,6.89
54.0,0.5,22.8,3.2,5.7,7.53
17.0,0.95,22.4,4.3,9.8,13.33
17.0,0.03,25.9,6.2,7.9,10.22
130.0,0.51,41.8,6.4,6.9,9.28
130.0,1.15,39.4,3.3,6.8,8.75
53.5,1.24,35.7,5.4,8.8,14.01
53.5,0.92,23.1,5.9,6.4,9.18
75.0,1.41,44.0,2.2,8.4,13.93
75.0,1.72,31.9,6.9,6.7,13.02
145.0,0.56,20.3,8.5,8.2,10.29
145.0,2.89,23.9,10.5,7.9,14.79
145.0,0.15,23.0,8.2,7.1,8.36
145.0,0.51,24.8,8.0,7.5,9.94
35.0,4.5,41.7,7.1,6.1,30.52
35.0,1.6,38.9,2.4,8.3,17.26
27.0,0.8,23.2,4.1,5.7,10.24
27.0,0.32,29.2,5.9,6.4,11.55
42.5,0.25,16.9,4.5,4.2,6.54
42.5,0.02,28.0,3.6,6.0,7.1
278.0,0.09,19.3,3.1,8.4,4.62
278.0,0.13,22.6,2.0,7.7,4.46
35.0,0.59,33.1,1.5,9.1,11.5
35.0,1.52,28.6,7.2,5.6,15.45
25.0,0.41,37.8,6.3,6.4,15.34
25.0,1.04,35.7,2.5,6.8,16.12
68.0,1.21,30.8,6.4,7.2,12.23
68.0,0.09,41.2,6.6,9.4,11.49
36.0,1.26,25.6,3.5,7.6,12.47
36.0,1.21,34.4,3.5,7.6,14.88
35.0,0.14,27.1,2.5,7.0,7.74
35.0,0.42,34.2,1.8,6.0,10.11
183.0,0.39,12.0,1.5,5.5,4.02
183.0,0.43,32.2,1.5,7.7,5.49
165.0,1.3,37.4,3.1,6.8,8.37
165.0,4.5,32.7,5.1,6.8,13.14
185.0,0.01,23.6,1.5,10.4,4.3
185.0,0.34,21.1,4.9,4.8,3.78
95.0,0.25,20.4,3.3,9.4,6.3
95.0,1.26,19.2,4.2,7.2,8.59
68.0,0.56,31.0,5.0,7.5,9.69
68.0,0.24,13.2,4.7,4.2,4.88
27.0,0.03,24.5,6.7,9.0,9.76
27.0,0.7,23.2,4.5,8.8,10.76
27.0,0.95,27.9,4.9,10.1,14.25
27.0,0.21,43.5,5.7,6.3,15.86
53.0,0.26,16.6,1.6,8.5,6.61
53.0,0.41,26.0,5.4,8.5,9.11
183.0,0.09,15.6,1.5,6.4,2.93
183.0,0.71,23.5,2.6,7.2,4.89
75.0,0.06,18.1,4.7,8.8,7.17
75.0,0.84,29.7,6.0,7.4,10.65
100.0,0.05,29.3,8.5,8.9,9.16
100.0,0.84,35.2,4.8,7.5,9.95
189.0,0.04,19.5,4.3,7.0,3.83
189.0,0.28,26.0,3.3,6.1,4.51
97.5,0.99,35.1,3.6,7.6,9.86
97.5,0.64,28.5,5.5,5.4,7.5
37.5,2.88,26.0,3.0,7.1,16.98
37.5,0.85,32.5,4.6,10.0,13.59
20.0,0.04,20.4,1.8,5.5,5.8
20.0,0.01,24.9,5.9,8.4,9.48
80.0,1.7,38.1,5.0,4.4,12.55
80.0,1.96,33.8,5.7,6.2,13.28
60.0,0.82,41.3,3.7,8.8,13.56
60.0,0.99,35.5,4.6,9.0,12.35
38.0,0.51,17.5,3.1,7.4,9.43
38.0,0.14,43.3,2.4,8.4,12.82
20.0,0.48,33.2,7.3,6.5,14.8
20.0,3.67,43.8,5.8,3.6,32.21
145.0,0.22,19.6,8.1,6.5,9.03
145.0,2.02,26.6,5.2,9.8,12.81
125.0,1.61,39.1,2.1,6.6,9.86
125.0,2.01,27.5,5.1,9.4,10.58
145.0,1.0,28.4,11.0,7.8,12.43
145.0,0.31,28.2,8.2,3.0,8.37
54.0,0.84,23.3,5.4,6.4,9.22
54.0,2.26,32.3,5.9,10.2,17.58
27.0,4.5,38.0,3.2,7.5,31.11
27.0,0.56,35.9,4.6,9.8,15.06
145.0,1.13,26.8,8.8,8.7,12.15
145.0,0.3,18.8,5.1,6.3,7.99
80.0,0.92,17.6,4.1,9.5,8.37
80.0,0.78,24.0,5.3,8.0,8.09
165.0,0.43,23.8,3.2,8.9,5.78
165.0,0.17,24.6,1.9,6.5,4.58
30.0,0.91,15.5,2.8,6.0,10.02
30.0,0.91,32.9,6.6,9.4,16.44
68.0,0.91,17.7,3.9,4.5,6.95
68.0,0.45,40.1,7.2,8.2,12.85
47.0,1.44,37.3,3.0,7.0,14.36
47.0,0.49,45.5,3.4,4.6,13.19
120.0,0.45,36.2,1.8,6.9,7.57
120.0,0.12,29.1,2.9,5.5,5.13
20.0,1.8,14.0,6.8,5.9,16.28
20.0,0.13,17.0,5.8,5.4,8.52
165.0,1.16,24.0,4.3,6.6,6.56
165.0,0.79,34.0,2.9,5.6,6.6
15.0,0.01,25.1,2.6,2.0,6.33
15.0,0.58,24.0,1.5,7.8,10.08
39.5,0.07,20.3,2.8,3.7,4.88
39.5,0.17,20.8,2.2,6.6,5.27
35.0,0.42,12.8,1.0,5.7,6.94
35.0,0.41,20.2,1.7,6.3,6.95
17.5,0.16,19.4,4.8,8.2,9.7
17.5,0.11,22.1,1.3,5.6,6.07
24.0,0.22,20.2,1.4,4.9,7.02
24.0,0.01,27.5,1.3,4.5,6.57
16.0,0.24,22.3,2.3,5.7,7.23
16.0,0.04,22.0,0.7,8.3,6.63
63.9,1.15,25.6,1.7,6.3,8.25
63.9,1.13,24.2,1.7,5.3,7.95
100.0,0.17,25.6,4.7,8.9,6.61
100.0,0.95,19.3,4.5,6.4,6.67
17.5,0.01,24.1,3.6,7.8,6.86
17.5,0.04,19.9,2.0,5.2,6.25
42.5,0.11,32.0,3.5,9.3,9.87
42.5,0.25,14.9,2.0,9.2,7.15
61.1,0.02,12.1,1.6,6.7,4.91
61.1,0.07,23.9,4.5,8.7,6.88
35.0,0.37,24.1,3.7,6.7,6.9
35.0,0.0,25.1,2.5,3.4,5.62
55.4,0.95,24.6,3.8,7.0,8.55
55.4,0.02,29.0,3.8,5.0,6.13
7.0,0.21,28.0,2.4,3.2,10.08
7.0,0.47,25.7,2.1,7.3,11.06
38.0,0.27,17.5,2.9,6.8,7.01
38.0,1.0,26.5,2.8,8.4,10.9
18.0,0.04,18.6,2.7,9.4,8.27
18.0,0.0,18.7,0.5,5.8,5.05
68.6,0.04,20.1,3.6,8.2,5.96
68.6,0.35,24.3,1.8,9.5,6.61
63.9,0.03,25.2,2.6,4.3,4.18
63.9,0.48,30.5,5.2,3.0,8.36
18.0,0.1,29.3,3.4,5.9,10.07
18.0,0.17,12.8,2.6,2.0,6.02
42.5,0.77,26.5,4.3,7.3,10.43
42.5,0.98,25.4,6.8,7.4,11.18
100.0,0.04,31.9,4.8,5.2,6.38
100.0,0.04,26.2,3.4,10.9,6.43
44.0,0.36,37.0,7.0,9.3,14.38
44.0,0.41,29.3,3.8,8.1,9.63
53.5,1.38,29.9,3.2,7.9,12.04
53.5,0.81,30.9,5.0,6.6,11.5
29.5,1.02,39.8,1.9,8.8,16.4
29.5,3.6,36.5,3.4,5.3,25.03
48.0,0.22,27.8,6.5,7.9,9.44
48.0,0.04,27.7,4.2,4.9,7.1
30.0,1.73,34.7,5.5,5.9,18.45
30.0,0.7,26.2,5.1,4.6,10.84
42.5,0.02,20.4,5.8,8.2,7.77
42.5,0.13,30.0,7.2,8.2,11.31
24.0,0.29,13.6,1.1,6.7,6.91
24.0,0.61,20.0,0.7,7.6,8.5
54.0,0.25,32.0,2.6,6.3,7.7
54.0,1.0,29.0,3.4,8.5,10.94
57.3,0.21,28.4,0.5,2.0,4.91
57.3,0.17,21.3,2.0,8.1,6.15
18.0,0.02,19.1,1.3,5.9,5.16
18.0,0.41,19.3,1.0,5.8,7.02
54.0,0.22,23.4,4.9,7.5,7.03
54.0,0.07,21.2,4.1,7.2,6.14
70.0,0.17,33.8,2.5,6.2,7.89
70.0,0.12,13.0,3.6,7.7,6.12
65.0,0.54,23.8,2.2,7.8,6.85
65.0,0.67,18.9,3.1,7.3,6.81
15.0,0.04,20.4,2.2,2.9,5.05
15.0,1.03,21.7,1.3,6.5,11.0
39.5,0.02,28.5,3.5,10.7,8.62
39.5,0.15,22.6,3.2,7.1,7.0
42.5,0.36,35.9,3.5,7.1,10.77
42.5,0.32,27.7,4.3,6.3,8.99
240.0,0.03,29.5,1.8,7.4,4.29
240.0,0.49,18.7,3.4,12.3,6.2
42.5,0.04,18.1,2.8,8.3,5.95
42.5,0.54,12.0,3.0,7.7,8.51
68.0,0.97,28.3,1.1,7.0,9.24
68.0,0.58,39.1,0.5,6.7,9.73
68.6,0.53,24.4,3.1,8.1,7.09
68.6,0.42,39.5,3.0,3.3,9.03
62.8,0.09,15.5,4.0,7.8,6.49
62.8,0.24,17.3,3.4,7.7,6.54
55.0,1.81,17.8,3.3,5.0,10.61
55.0,0.68,24.1,4.9,6.7,9.18
39.5,0.19,37.5,1.5,5.2,10.14
39.5,0.83,27.4,2.8,5.0,9.7
17.0,0.21,13.9,1.3,6.6,7.03
17.0,0.17,17.5,4.2,8.3,8.86
36.0,0.19,13.2,4.5,6.7,7.29
36.0,1.45,19.7,4.1,6.9,12.1
59.0,0.05,23.7,2.9,5.6,4.58
59.0,0.3,25.9,4.1,4.9,6.68
55.0,0.05,25.3,3.0,4.5,5.97
55.0,0.21,32.3,3.5,6.8,8.15
66.0,0.1,28.0,0.9,10.0,7.36
66.0,0.01,12.0,2.0,7.8,6.11
54.0,0.13,32.6,4.7,6.9,7.99
54.0,0.53,36.5,7.8,8.0,13.06
47.5,0.05,21.8,2.7,8.4,5.95
47.5,0.62,29.0,4.1,5.3,9.23
100.0,2.32,27.9,5.9,9.3,12.73
100.0,0.59,35.2,3.1,6.2,9.33
67.0,0.32,28.8,2.9,10.4,9.49
67.0,0.02,28.2,3.4,7.2,7.09
36.0,0.43,27.4,3.4,7.4,9.36
36.0,2.06,37.3,1.7,7.4,18.66
110.0,0.13,15.3,1.4,6.8,5.75
110.0,0.44,18.2,3.7,7.8,6.07
17.5,0.63,21.5,4.8,6.5,10.58
17.5,0.35,23.5,2.8,5.0,8.18
74.0,0.3,22.5,2.9,5.3,5.06
74.0,0.33,24.5,4.7,8.6,7.71
30.0,1.47,29.8,2.6,9.3,14.57
30.0,0.4,32.7,5.6,5.4,11.36
61.0,0.13,27.5,1.9,6.9,5.85
61.0,0.29,26.0,2.9,7.8,7.43
27.0,0.35,13.8,4.6,8.9,9.55
27.0,0.23,21.8,4.3,6.5,7.79
80.0,0.63,33.4,1.5,4.6,7.62
80.0,0.21,38.9,6.4,8.5,11.04
68.6,0.27,20.2,3.8,7.4,6.98
68.6,0.15,26.3,3.3,4.8,5.93
165.0,2.6,32.5,5.5,7.3,10.92
165.0,1.79,47.6,9.6,8.3,12.25
27.0,1.03,33.0,4.7,8.8,15.55
27.0,0.21,38.4,5.8,4.9,13.22
68.6,1.56,28.3,1.0,6.3,9.96
68.6,0.1,24.1,4.5,7.7,6.37
27.0,0.58,30.4,6.1,7.6,13.57
27.0,1.92,43.2,4.6,7.6,22.45
18.0,0.66,31.1,1.9,5.9,12.0
18.0,0.13,30.1,0.5,9.1,9.07
62.0,0.2,18.8,5.7,6.4,6.47
62.0,0.81,20.6,6.4,10.0,9.83
68.0,1.74,23.1,6.9,6.7,11.56
68.0,0.16,33.0,8.1,9.2,10.38
72.0,0.87,26.8,2.7,8.3,8.54
72.0,0.18,20.1,2.7,10.6,6.53
84.0,0.01,17.6,1.7,8.5,5.32
84.0,0.05,17.4,2.4,7.5,5.46
11.0,0.11,14.3,1.1,9.2,7.74
11.0,0.19,24.2,2.4,6.5,7.64
125.0,0.03,20.7,5.4,10.1,6.59
125.0,0.19,20.5,6.5,7.1,5.5
27.0,2.57,30.8,5.6,7.2,21.61
27.0,1.13,26.5,6.0,4.6,12.82
15.5,0.01,20.2,2.2,6.2,6.2
15.5,0.25,31.3,5.4,6.5,12.99
68.6,0.67,33.5,2.5,8.2,9.18
68.6,0.43,34.4,1.5,6.7,9.07
265.0,0.3,21.8,4.0,8.1,4.5
265.0,0.06,24.0,0.9,7.7,3.56
53.0,1.25,13.8,4.5,5.8,10.01
53.0,0.18,22.9,4.4,8.2,7.51
53.9,0.55,24.0,2.1,6.5,7.04
53.9,0.08,22.1,4.3,5.3,5.11
42.5,0.14,25.8,3.9,7.7,7.54
42.5,0.03,23.3,1.3,7.5,5.57
75.0,4.14,37.8,3.6,6.5,19.99
75.0,0.44,35.6,4.6,6.4,9.05
27.0,1.2,40.6,5.6,7.4,19.28
27.0,2.35,39.3,6.5,5.4,23.15
38.0,0.96,32.0,0.9,8.1,11.88
38.0,0.97,23.7,1.2,6.6,8.39
42.5,0.13,23.5,1.8,6.2,5.41
42.5,0.74,28.5,2.9,6.0,9.99
18.0,0.01,32.4,1.3,5.8,9.52
18.0,0.38,17.9,1.3,11.2,9.4
42.5,0.5,14.9,3.8,6.3,8.34
42.5,0.05,19.3,2.2,9.2,6.08
17.0,0.63,26.6,6.1,8.4,13.45
17.0,0.51,25.4,5.1,10.5,12.78
72.0,0.0,26.9,1.9,8.3,5.38
72.0,0.05,32.5,1.4,8.7,7.46
130.0,0.08,13.3,4.2,10.6,6.79
130.0,0.28,25.1,3.8,4.6,3.83
42.5,0.03,27.1,4.0,6.7,7.35
42.5,1.5,40.6,3.9,4.7,16.08
15.0,0.04,28.3,3.1,7.8,9.26
15.0,0.15,22.0,3.1,10.0,8.84
63.9,1.21,22.5,4.7,7.4,9.19
63.9,0.08,20.3,3.7,8.9,6.84
39.5,0.22,29.4,1.8,5.3,7.44
39.5,1.03,18.7,1.8,6.5,9.53
63.9,0.09,20.8,4.2,8.2,6.64
63.9,0.46,24.9,0.6,5.7,5.07
16.0,0.39,20.9,0.6,5.4,6.26
16.0,0.28,24.6,2.2,6.3,8.13
27.0,0.07,17.1,7.3,5.8,8.59
27.0,0.81,26.5,3.7,6.6,10.55
67.0,0.04,27.7,1.4,5.1,5.39
67.0,0.01,25.3,0.6,6.9,5.42
30.0,0.29,25.8,2.8,5.7,7.54
30.0,0.26,15.6,5.8,9.0,10.77
110.0,0.07,25.1,3.0,7.9,5.21
110.0,0.18,23.2,3.5,5.4,4.05
17.5,0.13,17.7,2.7,7.5,8.57
17.5,0.41,24.4,3.1,5.8,8.22
68.6,0.43,39.3,1.5,9.1,10.45
68.6,1.67,38.8,4.1,5.9,14.28
200.0,0.29,25.0,0.7,11.8,5.79
200.0,0.11,26.5,4.6,4.1,3.67
15.0,0.0,24.5,4.0,7.2,8.11
15.0,0.04,23.9,2.8,9.1,8.12
68.6,0.47,26.4,2.7,5.4,6.34
68.6,0.08,12.0,2.0,9.4,5.39
80.0,1.01,25.6,7.6,7.2,10.11
80.0,0.23,23.7,5.5,7.0,6.47
30.0,3.41,34.8,5.0,6.7,25.43
30.0,3.07,21.1,4.5,5.2,19.14
42.5,0.18,24.5,3.2,7.1,7.25
42.5,0.0,27.2,3.3,8.0,6.97
38.5,0.07,18.7,2.9,7.3,6.61
38.5,0.02,27.2,2.1,2.1,5.04
35.0,1.7,42.3,7.6,6.8,20.55
35.0,0.69,30.3,7.4,6.5,13.12
68.6,0.11,24.5,0.9,5.4,4.25
68.6,0.15,26.8,3.4,4.1,5.65
14.0,2.21,39.4,1.7,5.0,24.45
14.0,1.17,24.8,3.5,10.6,15.16
38.5,0.52,25.4,0.7,6.0,6.26
38.5,3.04,37.2,3.0,5.2,20.58
14.0,0.64,34.2,1.7,5.8,13.72
14.0,0.34,34.4,3.1,4.3,12.8
63.9,0.11,25.0,2.5,5.2,4.65
63.9,0.28,25.3,2.2,9.2,7.18
63.9,1.86,35.6,1.8,4.9,13.29
63.9,1.46,34.6,2.5,8.1,12.44
62.0,0.16,36.9,1.9,5.9,8.19
62.0,0.98,33.5,2.5,7.6,11.45
27.0,1.3,35.6,7.1,8.9,19.43
27.0,0.53,38.4,4.9,6.3,14.84
39.5,0.83,15.7,1.3,7.6,8.24
39.5,0.07,25.9,0.5,7.5,5.68
14.0,2.8,40.7,1.9,5.2,26.91
14.0,1.04,30.2,4.0,6.7,16.32
14.0,1.13,34.0,0.5,9.1,17.17
14.0,1.44,31.8,4.3,6.5,18.6
68.6,1.38,40.9,3.8,8.2,14.58
68.6,0.31,28.2,3.0,5.3,7.36
14.0,0.54,43.0,4.6,8.1,19.65
14.0,1.45,39.7,3.1,12.5,23.02
94.0,0.85,28.4,0.5,5.8,6.92
94.0,1.36,33.5,2.1,6.3,9.54
48.0,0.23,26.8,6.4,4.5,8.4
48.0,0.58,37.6,4.6,8.7,12.98
100.0,3.42,37.5,5.3,3.3,14.4
100.0,1.94,38.1,8.1,3.2,11.81
14.0,2.08,34.9,1.3,9.0,22.02
14.0,1.18,29.3,2.2,7.3,15.06
165.0,0.83,41.6,6.0,9.4,9.04
165.0,1.72,38.8,3.5,10.0,11.1
55.0,2.67,37.3,4.3,4.1,16.39
55.0,1.42,33.6,1.6,6.5,11.52
39.5,0.09,14.8,3.1,4.6,5.76
39.5,0.0,14.6,0.5,10.8,7.06
68.6,0.05,24.8,1.6,4.5,4.27
68.6,0.03,19.8,2.4,5.1,4.56
63.9,0.08,16.1,3.1,6.2,5.27
63.9,0.12,19.2,1.8,11.6,7.11
42.5,1.65,39.7,2.7,7.4,16.53
42.5,0.59,31.6,3.7,7.2,11.56
65.0,0.92,40.9,5.1,5.0,12.81
65.0,1.25,42.0,4.5,7.2,14.66
27.0,0.58,41.0,6.8,6.7,16.88
27.0,0.7,30.0,7.6,8.2,14.3
14.0,0.23,35.8,2.2,7.6,14.13
14.0,0.24,26.5,4.5,9.0,12.7
82.0,1.62,33.9,4.4,8.2,15.72
82.0,0.84,36.0,5.9,8.9,15.37
27.0,0.79,34.7,5.6,5.4,14.45
27.0,1.56,27.7,3.5,6.0,14.87
63.9,0.35,33.5,3.9,2.0,7.31
63.9,1.94,37.5,2.9,8.0,14.59
20.0,0.33,30.6,1.5,7.2,11.08
20.0,1.05,27.5,4.5,8.8,14.91
35.0,0.8,34.7,4.3,6.6,13.89
35.0,2.77,29.6,2.2,4.0,17.67
39.5,2.18,41.0,0.5,4.8,17.19
39.5,0.57,29.7,0.7,7.4,9.82
14.0,1.26,36.5,5.8,6.1,20.37
14.0,1.39,36.6,3.3,6.2,19.68
80.0,2.08,35.1,4.7,10.7,14.81
80.0,1.28,32.5,4.1,9.6,11.68
43.0,2.33,32.4,3.0,10.3,18.66
43.0,1.86,34.8,3.6,6.7,15.77
27.0,0.73,33.5,1.1,7.1,12.65
27.0,2.49,40.7,1.9,6.1,22.13
27.0,0.75,34.6,3.5,7.2,13.86
27.0,0.61,36.7,1.6,8.5,13.57
70.0,2.02,43.3,3.4,9.6,17.12
70.0,1.61,37.6,5.1,7.1,13.59
61.1,1.22,40.9,4.1,11.8,15.75
61.1,0.89,37.6,2.1,5.1,10.87
26.0,0.75,41.2,1.0,10.1,16.01
26.0,0.96,40.3,2.9,3.1,15.09
63.9,0.35,18.2,3.5,8.2,6.27
63.9,1.34,19.8,3.5,9.1,10.39
42.5,0.05,28.2,2.8,6.7,7.68
42.5,0.83,37.7,4.7,7.6,13.75
12.0,0.99,26.4,2.1,8.3,13.96
12.0,2.59,32.1,4.2,8.6,26.58
42.5,0.45,21.2,3.3,5.8,7.03
42.5,0.07,12.0,2.2,7.3,6.36
30.0,1.95,20.3,2.0,5.4,13.24
30.0,0.05,31.7,5.9,6.8,10.79
20.0,0.39,27.7,2.7,9.2,11.0
20.0,1.32,15.9,0.5,9.6,12.14
22.5,0.34,24.6,3.9,7.8,9.56
22.5,0.33,25.7,3.4,6.3,9.0
507.0,2.84,36.4,4.2,7.1,6.35
507.0,1.26,32.4,3.3,6.0,4.61
25.0,1.26,23.6,3.2,7.3,11.66
25.0,1.65,24.5,3.0,7.7,14.56
15.5,2.03,40.7,3.4,6.5,23.55
15.5,0.6,34.6,4.0,5.3,14.3
11.0,1.15,32.1,5.0,9.2,19.36
11.0,0.96,41.9,2.0,3.8,18.84
53.9,0.31,18.2,3.9,6.4,6.55
53.9,0.31,34.5,3.4,10.3,10.13
15.0,0.72,46.4,2.1,6.4,19.71
15.0,1.09,38.5,3.6,7.5,19.48
38.5,0.16,17.8,3.6,7.7,7.85
38.5,0.14,27.8,1.1,4.9,6.11
68.6,0.33,24.8,2.6,5.2,4.98
68.6,0.17,12.0,3.9,7.2,5.74
13.5,0.51,37.8,2.5,9.1,16.9
13.5,1.49,31.9,2.4,6.7,17.97
25.0,0.17,26.9,1.5,6.6,7.34
25.0,0.7,36.3,1.8,3.7,11.98
40.0,0.24,33.8,3.0,8.9,10.92
40.0,0.67,25.5,3.1,8.5,10.28
40.0,0.94,32.5,2.5,7.1,12.05
40.0,1.25,31.9,1.6,6.9,12.24
240.0,1.24,40.4,3.6,11.6,9.25
240.0,1.03,39.5,2.3,9.8,7.54
26.0,1.11,44.4,1.3,6.6,17.94
26.0,1.16,31.3,2.6,9.4,14.49
19.0,1.28,27.9,3.9,8.8,15.12
19.0,0.46,27.6,2.3,5.7,9.42
42.0,1.35,31.0,1.7,6.1,12.06
42.0,2.35,28.4,1.3,5.3,13.98
160.0,0.61,46.4,2.1,7.7,9.33
160.0,0.36,31.1,1.6,8.3,6.05
22.5,0.67,32.2,2.1,9.8,13.37
22.5,0.57,18.8,4.1,11.5,12.09
85.0,1.46,34.6,2.9,6.4,11.29
85.0,3.43,36.2,2.6,8.7,16.47
84.0,0.16,35.9,2.1,5.5,7.64
84.0,1.69,20.4,0.5,7.8,8.68
22.0,2.3,24.3,1.2,5.2,15.79
22.0,0.38,37.1,3.7,4.9,13.21
225.0,1.22,45.9,2.9,6.4,8.47
225.0,1.54,40.5,2.8,6.6,7.52
29.0,1.47,38.7,2.3,8.0,17.9
29.0,1.37,45.8,2.4,4.8,18.75
31.0,0.17,38.8,2.7,8.3,13.2
31.0,2.07,30.7,3.1,6.5,17.19
38.5,2.59,34.6,0.5,4.1,17.18
38.5,0.6,43.2,2.7,7.2,14.39
27.5,0.53,31.1,2.1,4.0,9.54
27.5,0.08,25.0,2.0,7.3,6.36
15.0,0.51,35.6,3.2,5.4,14.49
15.0,1.36,27.4,1.8,7.4,15.14
114.0,3.12,32.4,0.5,8.9,12.75
114.0,1.57,38.0,4.0,5.3,10.69
39.5,0.45,31.9,1.3,8.2,9.85
39.5,0.79,24.4,2.1,5.1,7.59
13.5,0.55,37.7,5.1,6.7,17.2
13.5,1.53,40.2,0.9,7.0,21.65
42.5,0.64,32.2,0.5,7.8,9.88
42.5,1.08,18.9,3.3,7.7,10.52
32.0,0.6,35.4,2.3,6.5,12.4
32.0,0.83,19.9,1.3,10.3,10.03
198.0,1.26,31.6,3.5,7.1,6.4
198.0,1.32,29.9,3.5,7.6,6.87
25.0,0.81,29.4,1.2,10.4,11.85
25.0,0.92,28.9,1.5,7.1,11.4
16.0,0.35,40.2,3.8,5.6,15.36
16.0,0.11,20.2,3.0,5.9,7.33
18.0,0.51,36.3,3.3,9.6,16.53
18.0,1.41,29.9,2.7,7.8,17.0
218.0,0.4,36.0,0.8,9.0,6.11
218.0,1.04,33.4,4.0,9.0,7.74
182.0,0.2,33.4,3.0,8.1,5.41
182.0,1.21,43.3,1.3,6.0,8.64
8.0,0.3,29.9,1.7,5.9,11.08
8.0,0.7,38.5,2.5,9.3,19.49
220.0,2.88,40.5,2.6,9.1,10.78
220.0,1.59,40.0,2.3,5.7,7.76
280.0,1.08,32.6,1.7,9.8,7.0
280.0,0.44,34.2,0.6,7.8,4.85
11.0,0.27,27.7,1.5,6.6,9.67
11.0,0.02,28.1,2.1,9.9,9.67
35.0,3.11,32.8,5.1,5.6,21.32
35.0,1.27,28.3,3.6,9.2,13.8
17.5,1.56,39.6,0.7,5.5,19.01
17.5,0.54,43.7,4.4,9.8,19.01
28.0,1.25,37.1,0.5,9.5,15.4
28.0,0.54,28.4,2.1,7.1,10.21
16.0,0.89,28.4,3.9,7.7,14.32
16.0,1.76,39.1,4.6,8.8,24.04
20.0,0.78,25.7,1.4,6.0,9.47
20.0,0.83,39.1,2.9,6.8,15.31
42.5,0.2,33.6,1.8,8.6,10.43
42.5,0.27,30.5,2.2,6.3,8.61
18.5,1.0,35.0,2.3,10.2,17.27
18.5,3.31,40.5,3.6,9.1,29.7
22.5,2.12,41.1,3.1,8.4,23.31
22.5,1.15,31.1,3.3,5.9,14.11
42.5,0.33,38.9,3.0,5.0,11.33
42.5,0.47,33.5,1.8,6.9,10.63
23.0,1.18,28.3,2.8,9.6,15.08
23.0,1.23,39.6,1.6,6.5,17.29
12.5,0.21,36.5,2.7,4.1,13.37
12.5,0.45,45.0,2.8,6.1,19.0
23.0,0.58,39.4,3.1,8.7,15.58
27.5,0.75,39.5,2.7,7.3,15.41
27.5,4.5,42.5,1.5,4.7,30.68
18.0,1.14,28.9,6.8,11.9,17.76
18.0,2.57,40.1,6.0,5.6,27.21
18.0,0.68,37.7,3.0,6.5,16.23
17.0,4.5,41.4,2.7,7.6,35.0
17.0,0.15,39.4,2.6,7.3,14.77
27.5,0.9,33.3,1.0,5.7,11.56
27.5,1.62,29.4,2.7,6.9,14.92
21.5,3.52,26.1,3.1,8.9,24.46
21.5,0.76,38.5,3.0,6.4,15.91
125.0,1.11,29.8,9.0,6.2,12.75
125.0,0.16,25.8,8.8,6.9,10.21
22.5,0.94,31.0,3.4,11.1,14.73
22.5,1.44,40.9,2.0,5.6,18.79
18.5,0.9,39.9,3.6,7.9,17.99
11.5,0.58,30.1,3.8,2.1,12.34
11.5,1.31,32.6,5.1,6.3,19.8
18.0,2.0,41.9,1.6,9.9,24.89
18.0,0.53,44.5,6.0,8.1,20.41
23.0,1.09,32.6,2.0,9.5,15.26
23.0,1.65,27.9,2.8,8.8,15.33
12.5,0.99,42.6,3.4,9.6,21.97
12.5,0.78,31.0,1.0,6.3,12.91
17.5,2.71,39.4,5.5,7.8,28.3
17.5,1.73,34.2,2.3,6.8,18.78
10.0,1.46,39.8,3.8,4.9,23.12
10.0,1.8,34.1,4.2,6.3,23.06
37.5,0.33,39.0,3.0,6.9,12.83
37.5,2.12,22.5,2.4,5.1,13.1
9.0,0.42,31.7,4.4,4.6,14.03
9.0,0.51,36.1,3.1,10.2,17.67
18.5,0.55,32.7,4.0,9.6,15.6
18.5,4.41,43.5,2.6,8.6,35.0
22.0,0.63,32.5,2.0,9.1,13.09
22.0,2.52,31.3,2.1,8.7,21.06
42.5,2.72,31.0,2.7,7.4,17.03
42.5,0.77,31.4,1.5,7.2,10.1
12.0,1.63,34.5,2.9,9.4,21.39
12.0,2.19,39.1,4.6,4.8,25.56
22.5,1.12,39.6,2.5,7.1,17.47
22.5,0.99,32.1,2.4,8.4,15.02
28.0,1.14,26.5,2.7,7.0,12.0
28.0,1.57,29.9,2.1,6.8,14.78
17.5,0.31,42.0,4.1,3.9,15.35
17.5,0.47,28.3,0.5,5.1,8.76
18.0,3.92,30.5,3.8,6.6,29.19
18.0,0.3,42.0,2.0,7.2,15.48
27.5,1.5,31.2,2.7,8.9,16.31
27.5,0.64,33.3,1.8,5.6,11.23
26.0,1.81,32.9,3.9,7.3,18.13
26.0,0.48,38.7,5.1,9.5,16.39
20.0,1.43,32.9,0.5,7.3,15.64
20.0,1.89,36.5,3.7,4.1,20.37
22.5,2.98,35.4,2.1,5.9,24.0
22.5,2.02,35.4,2.0,4.5,18.3
17.5,1.87,35.3,1.5,7.3,20.96
17.5,2.56,35.8,4.0,6.1,23.78
17.0,0.1,31.4,1.6,7.1,10.36
18.5,0.78,16.4,3.9,4.5,10.67
18.5,0.45,22.4,2.4,5.4,8.42
27.0,1.18,35.1,2.3,10.8,16.45
27.0,0.99,36.9,2.4,8.8,15.48
27.5,1.44,36.5,2.4,6.8,16.04
27.5,1.96,31.1,5.8,4.3,17.91
42.5,0.11,18.3,1.8,9.2,6.63
42.5,0.01,30.3,3.4,8.0,8.34
42.5,0.09,14.4,2.0,7.5,5.64
42.5,0.67,18.2,3.1,8.6,8.98
18.0,4.05,24.0,0.5,7.8,24.76
18.0,0.22,26.5,4.1,6.4,10.09
75.0,1.78,28.0,4.5,8.9,12.13
75.0,0.1,27.8,2.6,8.2,6.9
17.0,2.25,34.4,6.0,6.7,24.76
42.0,0.68,36.3,3.3,11.2,13.92
42.0,2.68,32.2,0.5,6.3,16.52
22.5,3.53,43.1,1.7,8.3,29.87
22.5,0.49,38.7,1.7,8.8,14.6
23.5,0.33,37.3,1.7,4.2,12.08
23.5,1.62,34.7,3.3,7.6,18.45
27.5,2.18,35.7,1.8,7.2,18.61
27.5,0.72,38.9,0.5,8.0,13.82
15.0,0.4,40.1,4.4,6.9,17.65
17.5,0.32,39.6,1.8,13.3,16.87
17.5,0.43,26.5,2.6,7.4,10.78
27.5,1.39,38.0,3.9,5.9,16.91
27.5,1.15,32.8,1.9,8.7,14.21
42.5,0.01,26.0,1.7,4.5,5.64
42.5,0.22,20.1,2.0,11.6,8.26
26.5,2.52,28.4,1.6,3.2,17.51
26.5,0.7,34.2,2.7,6.1,12.15
18.5,2.68,38.0,7.3,7.8,33.26
18.5,1.05,30.2,12.1,9.8,25.71
16.0,0.61,28.8,1.7,6.1,10.45
16.0,0.6,22.9,1.7,7.6,9.28
17.5,2.01,38.8,3.6,7.0,22.98
17.5,0.97,30.1,3.5,10.5,16.45
20.5,3.41,33.9,2.7,8.7,27.01
20.5,1.98,35.4,3.2,9.1,21.46
18.0,0.32,34.3,1.4,9.4,12.85
18.0,2.95,48.7,2.9,6.5,31.01
42.5,0.11,28.4,3.3,8.0,8.55
42.5,0.02,26.8,5.2,6.2,7.39
42.5,0.11,23.3,3.4,8.8,7.32
42.5,0.17,23.9,3.3,6.5,6.2
42.5,0.8,30.7,2.9,8.7,11.52
42.5,1.47,28.7,2.7,7.4,13.72
19.0,0.57,39.6,4.0,7.9,16.94
19.0,0.88,38.5,4.5,4.3,16.95
42.5,0.87,24.2,3.8,7.5,9.79
42.5,0.19,21.4,3.0,8.5,6.26
25.0,0.4,48.7,4.6,6.9,19.03
25.0,1.42,40.1,1.3,5.4,17.15
42.5,0.38,16.0,1.9,8.0,7.1
42.5,0.94,19.8,0.5,10.2,9.17
10.0,1.07,22.4,0.5,7.5,12.01
10.0,0.84,21.1,2.6,6.4,11.19
36.0,3.61,42.2,2.3,5.8,25.27
36.0,1.63,39.9,0.5,5.2,15.87
30.0,1.5,39.4,2.0,5.8,16.21
30.0,0.43,38.2,5.6,8.3,14.39
22.5,0.94,23.9,4.2,6.0,11.09
22.5,0.29,12.4,3.2,9.8,9.62
18.0,1.04,41.4,5.2,10.6,21.24
18.0,1.99,30.6,8.4,8.1,22.37
42.5,0.3,30.2,4.1,5.9,9.35
42.5,0.23,20.7,1.8,3.3,4.73
13.5,0.28,38.6,5.5,9.1,17.3
13.5,0.9,33.1,1.9,7.2,15.78
14.3,2.54,32.9,3.8,6.8,24.25
42.0,0.47,42.1,2.0,5.9,12.45
42.0,0.95,33.5,1.7,8.1,12.71
40.0,1.93,38.6,4.1,8.7,19.21
40.0,0.5,39.2,2.8,6.0,12.32
25.0,2.27,18.7,2.7,7.5,16.29
25.0,0.56,17.9,1.5,8.9,9.09
70.0,4.38,41.5,2.2,7.0,21.3
70.0,1.42,41.4,2.1,3.0,11.87
193.0,1.71,44.8,7.0,8.1,10.7
193.0,1.74,36.6,4.3,7.2,8.31
12.0,0.79,35.6,0.5,10.4,16.64
12.0,0.32,16.9,2.3,5.9,8.35
8.0,0.06,26.1,4.3,7.4,10.66
8.0,1.5,18.5,1.9,6.5,14.84
20.0,1.59,41.6,9.5,10.1,25.78
20.0,2.54,34.6,1.5,7.6,22.1
42.5,0.22,17.1,2.6,8.4,7.73
42.5,0.48,25.5,1.7,9.0,8.37
55.0,2.27,34.2,2.2,9.8,16.29
55.0,0.35,41.4,2.4,9.5,11.78
54.0,0.69,34.6,8.8,9.1,18.27
54.0,0.81,40.2,12.0,3.2,19.15
32.0,0.42,33.8,2.9,5.0,11.18
32.0,1.93,35.6,3.6,11.4,19.27
25.0,1.94,19.8,3.6,5.4,15.2
25.0,2.4,37.7,7.1,6.6,24.55
25.0,1.62,42.4,5.2,11.7,23.47
147.0,0.89,35.3,2.9,8.8,8.5
147.0,2.91,37.1,2.8,7.4,12.04
54.0,1.38,38.8,2.2,8.2,14.21
54.0,2.19,30.3,2.6,7.6,14.9
13.0,1.1,31.9,2.5,4.6,15.63
13.0,0.95,22.7,4.7,9.7,13.76
23.8,1.54,31.6,0.6,8.4,15.58
23.8,0.58,36.6,3.2,3.4,12.35
37.0,0.97,39.6,2.9,7.7,14.42
37.0,0.68,30.7,0.7,4.4,9.56
30.0,2.07,34.9,3.6,10.9,20.03
30.0,0.94,41.7,2.5,5.3,15.93
61.1,0.73,30.8,3.5,6.3,9.52
61.1,1.7,35.5,2.8,9.7,15.21
103.0,3.34,36.9,0.5,5.8,14.04
103.0,0.31,39.9,4.3,8.1,8.96
145.0,1.58,38.6,0.5,9.3,9.4
145.0,1.38,37.5,1.2,8.3,8.97
27.0,0.08,14.0,5.0,9.6,9.44
27.0,0.07,24.6,2.2,5.4,5.74
15.0,1.18,25.1,3.6,7.9,13.42
15.0,0.52,29.2,1.6,7.4,11.52
40.0,2.56,44.8,2.8,8.8,22.02
40.0,2.69,44.1,3.7,8.1,22.44
275.0,0.7,35.3,2.1,3.5,4.97
275.0,1.54,37.2,0.7,5.9,6.5
80.0,0.93,40.8,2.5,9.5,11.94
80.0,0.59,45.3,0.7,6.9,10.53
40.0,0.6,38.3,2.8,6.0,13.0
40.0,0.19,29.5,2.3,7.3,7.78
275.0,1.24,31.3,3.9,5.8,5.64
275.0,0.34,34.5,2.7,3.3,3.72
61.2,0.85,38.8,3.8,7.7,12.36
61.2,2.08,34.7,3.4,5.5,13.74
18.0,0.32,32.2,1.3,5.3,10.71
18.0,0.03,23.1,2.5,5.4,6.51
30.0,0.6,42.0,2.1,7.9,14.9
30.0,0.62,26.2,3.6,4.1,9.44
32.0,0.76,27.9,4.6,6.7,11.59
32.0,0.38,19.5,1.6,5.4,6.7
42.5,0.02,22.9,2.2,8.3,6.15
42.5,0.09,33.2,1.4,9.7,10.19
155.0,1.51,32.2,4.5,8.1,8.21
155.0,1.44,34.7,5.9,5.1,8.31
48.0,0.92,34.6,3.7,6.7,12.11
48.0,2.77,38.1,3.8,8.2,20.6
27.0,3.08,29.3,2.1,6.0,20.37
27.0,1.97,32.8,4.5,7.0,19.2
40.0,3.41,34.3,2.3,4.8,20.85
40.0,0.42,40.9,4.3,7.2,13.69
11.0,1.85,33.0,4.0,5.8,21.12
11.0,0.13,28.9,4.0,6.8,11.6
22.5,0.04,27.7,3.0,2.7,7.05
22.5,0.01,17.1,2.3,4.1,5.29
45.0,1.88,45.3,2.4,7.7,19.34
45.0,0.59,34.7,2.7,7.2,11.07
47.0,1.25,16.1,3.2,7.3,10.77
47.0,0.62,22.0,3.5,7.9,7.77
42.5,0.08,26.3,2.2,7.1,6.61
42.5,0.41,28.4,2.9,4.1,7.46
40.0,1.07,42.3,4.5,5.1,15.35
40.0,3.57,33.1,6.0,9.9,24.53
42.5,0.21,19.4,3.7,10.9,9.05
42.5,0.08,16.2,2.2,7.0,6.6
54.0,1.46,37.2,4.5,9.8,15.32
54.0,0.66,37.7,4.9,8.5,13.12
103.0,0.8,31.2,0.5,7.4,7.23
103.0,2.36,28.9,2.2,9.8,11.99
63.7,1.61,40.2,1.7,10.0,15.06
63.7,1.73,34.6,4.8,5.5,14.38
18.0,1.09,31.1,2.8,7.1,15.66
18.0,0.08,28.4,0.5,8.4,8.76
8.0,1.2,37.6,3.3,7.6,21.54
8.0,0.3,35.9,0.8,6.7,13.34
10.0,0.21,33.6,4.8,6.8,14.24
10.0,0.78,29.5,3.9,8.2,15.38
27.0,0.8,26.3,2.6,9.7,12.06
27.0,0.48,26.2,2.0,10.8,10.13
27.0,0.98,25.7,3.4,5.2,10.99
27.0,0.13,25.1,3.4,9.4,8.39
37.0,2.06,34.9,6.9,6.9,19.18
37.0,1.56,25.3,1.7,6.8,12.07
136.0,1.41,38.4,4.6,5.4,8.75
136.0,2.97,36.9,7.6,7.1,13.31
22.5,0.18,33.6,4.1,5.2,10.72
22.5,0.04,31.2,3.9,7.4,10.8
23.0,1.82,39.3,2.1,9.4,21.17
23.0,0.83,32.5,1.5,5.3,12.66
47.0,0.73,33.7,5.3,4.0,11.17
47.0,1.86,31.5,2.5,9.4,14.5
101.0,3.06,37.9,6.4,5.7,14.63
101.0,1.11,31.1,6.2,7.2,9.35
18.0,0.24,27.3,2.1,7.7,9.52
18.0,0.11,18.4,1.7,6.9,6.48
23.0,0.62,34.2,3.6,12.2,15.57
23.0,3.1,33.2,0.5,7.9,23.02
37.0,0.66,31.0,3.8,10.4,12.37
37.0,2.75,30.9,7.5,5.1,19.38
18.0,0.58,22.0,1.9,5.7,9.05
18.0,2.29,28.6,2.8,4.4,18.89
140.0,0.48,34.6,8.3,6.4,7.79
140.0,2.52,36.7,4.1,8.2,11.19
27.0,1.18,18.1,3.8,10.6,13.64
27.0,0.47,20.0,3.2,7.0,8.08
42.5,0.03,17.0,2.3,6.4,5.43
42.5,0.19,13.9,2.7,5.8,6.55
17.0,1.81,38.9,2.9,8.1,21.93
17.0,1.12,33.1,1.1,7.3,15.3
23.0,1.24,35.0,1.5,7.4,16.23
23.0,0.72,40.8,2.9,8.3,16.79
21.5,1.66,36.4,3.0,5.3,19.11
21.5,1.45,36.9,1.9,6.5,17.86
42.5,0.08,29.1,4.3,6.6,8.85
42.5,0.15,23.8,3.8,6.1,6.69
17.0,0.46,44.2,3.3,5.5,16.73
17.0,0.86,35.1,4.8,5.9,16.76
47.0,2.04,32.6,1.6,8.5,14.2
47.0,0.11,30.7,1.6,8.3,7.92
18.0,1.85,35.9,2.0,6.5,20.2
42.5,0.59,36.6,1.3,5.0,10.44
42.5,2.87,31.5,2.1,7.1,17.97
47.0,0.54,19.5,2.0,9.0,8.09
47.0,0.32,26.4,0.5,8.1,7.2
18.0,1.18,39.1,3.7,5.4,18.51
18.0,4.12,34.7,0.5,6.4,28.97
22.5,0.17,18.6,2.9,7.4,7.67
22.5,0.48,23.8,3.6,6.4,9.13
47.0,0.42,22.8,2.4,5.8,6.37
47.0,1.01,34.6,2.1,4.8,11.29
23.0,1.32,43.7,2.4,9.1,20.54
23.0,1.13,39.8,3.1,6.6,17.63
42.5,0.26,29.1,3.2,9.8,8.85
42.5,0.49,18.0,1.8,11.0,8.58
22.5,0.08,27.2,0.5,7.4,6.66
22.5,0.52,24.6,2.9,5.0,9.04
22.5,3.51,34.2,2.1,7.6,25.99
22.5,1.56,41.9,2.1,4.8,19.75
47.0,1.61,28.3,3.6,7.5,12.57
47.0,1.23,16.9,4.8,5.8,10.17
47.0,0.42,34.7,0.5,9.0,10.01
47.0,0.32,38.3,2.8,9.9,11.95
18.0,1.12,19.4,2.8,8.9,13.79
18.0,0.21,30.1,1.5,9.1,10.35
32.0,1.54,38.9,4.0,4.5,16.96
32.0,0.79,32.9,6.3,4.1,13.2
47.0,0.32,21.7,2.6,5.7,6.55
47.0,0.36,33.2,3.3,5.2,9.29
9.5,4.5,32.3,5.4,6.2,35.0
9.5,0.58,31.7,4.2,7.6,15.67
42.5,0.58,29.5,3.9,11.1,11.44
42.5,0.29,21.2,2.1,7.1,7.08
32.0,1.01,32.4,7.8,9.8,16.09
32.0,1.43,41.0,2.0,7.8,17.88
18.0,0.09,19.6,4.5,9.5,9.79
18.0,0.33,26.1,2.7,6.2,9.22
22.5,0.24,27.1,3.8,8.7,10.8
22.5,0.79,17.8,0.5,8.6,10.11
42.5,0.03,16.2,2.3,9.2,6.46
42.5,0.37,12.9,3.0,9.0,8.22
42.5,0.16,19.7,1.0,2.0,3.66
42.5,0.01,29.5,3.0,7.1,6.93
27.0,0.01,25.7,2.4,4.6,6.1
27.0,1.08,20.5,0.8,8.5,10.47
22.5,1.19,36.4,2.3,7.5,17.39
22.5,2.79,42.7,3.1,11.6,28.69
18.5,1.34,34.6,3.9,7.0,18.11
18.5,1.43,31.0,3.1,9.4,18.11
18.0,3.38,40.9,1.8,7.7,29.47
18.0,0.31,39.8,2.1,8.6,15.0
18.0,0.0,22.8,2.3,7.1,6.16
18.0,0.62,17.8,2.4,7.6,10.12
42.5,0.19,41.1,2.4,6.8,11.84
42.5,1.17,39.9,3.3,9.9,15.78
18.0,1.36,21.1,4.2,4.9,13.32
18.0,0.5,20.1,3.1,7.9,10.15
27.0,1.63,29.9,3.4,5.8,15.24
27.0,0.31,38.1,2.6,5.5,11.98
18.0,0.26,20.0,1.1,7.9,7.77
18.0,0.53,24.1,1.3,3.6,7.73
18.0,0.31,30.4,1.9,6.0,10.74
18.0,0.61,29.7,2.0,6.7,11.15
42.5,0.49,13.8,1.5,4.8,6.54
42.5,0.35,23.2,2.3,10.5,8.03
46.0,1.19,49.8,3.4,4.6,16.98
46.0,3.27,40.3,2.2,5.2,21.04
22.5,0.57,28.0,3.2,4.2,10.09
22.5,0.05,12.0,1.1,8.6,6.55
18.0,2.99,37.9,3.0,7.1,27.03
18.0,0.39,35.2,2.5,9.5,13.57
41.0,1.57,30.9,3.3,6.2,14.0
41.0,1.99,37.0,2.0,7.4,16.99
42.5,1.33,24.6,1.3,8.8,10.6
42.5,0.0,21.8,2.0,8.1,5.7
42.5,0.04,17.9,1.4,11.1,7.31
42.5,0.07,27.8,3.8,5.2,7.71
22.5,0.11,25.6,1.9,8.1,7.86
22.5,0.32,20.2,2.4,8.4,8.23
23.0,0.08,25.0,1.9,8.2,8.24
23.0,0.43,24.4,3.3,8.2,9.04
27.0,0.52,25.6,2.7,8.7,10.42
27.0,0.29,28.8,2.7,5.2,9.52
27.0,0.42,24.9,2.7,6.3,8.11
27.0,0.2,25.3,2.8,9.5,9.1
22.5,0.01,20.9,2.2,6.4,6.18
22.5,0.24,26.7,4.5,5.2,9.22
23.0,0.36,45.8,3.8,7.8,17.93
23.0,2.95,38.2,3.0,8.4,25.8
23.0,0.32,19.3,4.2,5.3,8.42
23.0,0.0,27.2,0.5,5.7,6.25
47.0,0.87,23.0,3.4,6.0,8.86
47.0,0.11,37.5,3.0,6.2,10.7
42.5,0.06,31.2,5.0,3.0,7.7
42.5,0.21,28.5,2.4,5.6,7.01
42.5,0.01,25.5,2.9,7.9,6.38
42.5,0.84,24.1,3.4,5.3,8.25
18.0,0.19,20.8,3.4,6.3,8.08
18.0,0.31,18.4,2.7,8.7,9.29
47.0,0.11,19.3,4.4,5.4,5.55
47.0,0.29,19.5,2.1,5.1,5.6
22.5,0.19,39.9,2.2,5.6,12.96
22.5,0.66,40.2,2.3,9.3,17.09
47.0,0.48,18.5,0.5,6.0,5.96
47.0,0.08,22.6,1.9,9.0,6.05
23.0,0.32,26.1,1.6,4.8,7.38
23.0,0.24,22.2,3.6,5.9,8.57
23.0,1.8,39.0,4.5,8.7,21.49
23.0,1.13,30.3,3.0,8.7,15.25
33.0,0.74,31.4,3.2,6.4,11.86
33.0,0.46,36.7,1.4,7.4,11.82
27.0,0.18,22.6,2.3,8.0,7.49
27.0,0.19,24.2,3.1,6.0,6.8
42.5,1.6,28.2,1.3,6.9,12.44
42.5,2.05,42.0,2.8,4.7,17.91
23.0,0.79,23.8,2.3,8.2,10.21
23.0,0.43,26.6,2.5,9.0,10.39
18.0,0.39,22.7,3.7,6.4,8.69
18.0,1.61,31.6,4.8,8.3,19.36
23.0,0.31,30.1,1.4,7.9,9.84
23.0,0.37,34.4,0.5,7.0,11.78
18.0,1.46,37.4,3.4,4.3,18.8
18.0,0.31,31.3,3.0,8.2,12.04
22.5,0.27,28.6,2.5,6.0,9.27
22.5,0.45,22.6,2.3,5.8,7.61
22.5,0.32,18.2,5.6,8.5,10.32
22.5,0.49,31.1,2.4,7.5,11.2
47.0,0.8,16.8,3.0,5.7,7.97
47.0,0.09,19.6,1.3,9.0,5.67
23.0,1.99,39.5,2.4,6.4,20.41
23.0,1.02,30.2,5.3,7.3,14.73
42.5,0.09,15.6,2.1,7.8,6.43
42.5,0.29,41.5,1.9,7.7,12.22
22.5,1.68,32.7,0.5,9.3,17.21
22.5,2.69,40.8,1.1,6.0,23.79
27.0,1.74,38.8,2.5,10.8,20.64
27.0,1.4,42.8,1.7,4.9,17.56
23.0,2.54,27.7,2.9,7.6,19.51
23.0,1.69,39.3,1.4,7.7,19.65
27.0,0.56,13.3,3.2,7.2,8.92
27.0,1.32,28.1,2.8,8.4,13.98
18.0,0.12,17.2,0.5,9.3,7.31
18.0,0.17,21.0,4.2,9.5,9.89
18.0,0.58,22.0,1.8,5.4,8.29
55.0,0.69,16.4,3.7,9.3,8.8
55.0,1.1,26.2,0.8,8.6,9.19
23.0,1.03,36.5,0.8,8.6,15.59
23.0,1.23,26.1,1.9,7.5,12.3
22.5,0.16,20.9,3.3,8.3,8.2
22.5,0.0,18.0,2.4,7.3,6.55
18.0,0.84,20.3,1.6,8.9,11.0
18.0,0.24,27.0,1.1,7.9,7.79
23.0,1.21,24.7,3.9,10.7,13.97
23.0,0.05,16.7,2.0,3.9,5.62
23.0,2.45,22.9,5.0,10.6,19.5
23.0,0.17,30.1,4.9,7.3,11.41
22.5,0.3,28.6,2.6,6.2,9.84
22.5,1.16,27.6,1.8,7.6,13.6
80.0,1.09,28.7,4.4,9.1,10.08
80.0,0.1,34.9,2.8,8.0,8.57
23.0,1.13,36.4,3.1,10.6,17.88
23.0,1.11,29.7,2.8,6.5,13.21
23.8,0.46,25.6,2.1,6.0,8.16
11.0,0.26,20.1,3.3,10.0,10.08
11.0,0.19,28.3,1.9,8.4,11.48
12.5,0.9,21.2,3.2,7.4,12.08
12.5,0.11,31.6,2.9,5.3,11.06
27.0,0.47,32.0,1.2,4.5,9.8
27.0,3.14,39.9,2.7,6.9,25.26
12.0,1.19,26.2,5.4,6.0,15.8
23.0,0.04,23.6,1.9,10.6,6.92
23.0,0.5,26.5,1.2,8.7,8.9
23.0,0.53,35.7,1.8,7.1,13.03
23.0,1.18,32.9,4.0,6.8,16.63
18.0,0.01,28.7,5.0,7.2,10.33
18.0,0.65,29.3,4.1,8.5,13.5
42.5,0.53,19.8,2.8,6.4,6.8
42.5,0.26,17.0,2.1,3.8,5.36
27.0,0.05,19.1,3.7,7.8,8.0
27.0,0.0,27.3,2.3,8.9,7.7
42.5,0.7,20.8,4.1,6.4,9.43
42.5,0.17,25.3,1.1,6.7,5.96
18.0,1.78,32.3,2.5,9.4,19.81
18.0,1.25,35.1,3.2,7.5,17.54
18.0,0.21,24.1,2.0,3.7,6.17
18.0,0.52,22.9,4.7,6.1,10.41
27.0,0.23,32.3,0.8,5.4,9.01
27.0,0.65,31.7,1.3,9.5,12.22
18.0,0.04,23.9,1.5,9.2,7.54
18.0,0.77,12.3,5.2,7.4,11.63
100.0,0.53,41.7,4.5,7.0,9.5
100.0,1.2,33.0,5.1,3.8,9.68
54.0,0.53,24.1,1.8,7.6,7.06
54.0,0.18,26.5,1.9,9.1,7.5
23.0,0.07,27.2,3.1,6.4,8.24
23.0,0.27,29.3,2.4,3.0,8.25
22.5,1.18,28.0,1.0,7.8,13.19
22.5,0.99,18.8,2.1,4.9,9.46
54.0,0.23,23.8,1.4,7.9,6.51
54.0,0.22,26.5,2.5,7.5,7.08
22.5,0.99,36.6,2.9,6.3,16.57
22.5,0.76,38.3,0.5,5.1,13.31
23.0,1.35,29.6,1.7,6.3,13.1
23.0,0.36,35.5,1.6,7.4,11.92
60.4,1.75,33.7,2.5,7.7,13.54
60.4,0.66,32.4,4.0,6.6,9.91
59.0,0.81,31.0,3.0,7.9,9.39
59.0,0.72,29.2,1.3,7.9,8.69
27.0,0.87,24.3,7.1,9.4,13.25
27.0,0.24,33.5,7.1,11.7,14.77
57.0,0.13,26.8,3.3,5.8,5.96
57.0,0.52,23.9,2.0,10.4,8.18
59.0,0.0,22.6,3.5,6.9,5.69
59.0,0.28,27.6,2.9,6.8,7.04
59.5,0.12,25.3,1.7,6.9,5.6
59.5,0.3,17.0,1.7,8.0,6.33
27.0,0.41,21.3,3.5,11.9,9.69
27.0,0.77,19.0,5.5,4.4,10.02
59.5,0.63,34.7,2.2,6.2,10.05
59.5,0.58,18.0,1.6,4.5,5.73
57.0,0.05,24.4,0.5,8.0,5.13
57.0,0.62,26.1,0.5,10.4,8.7
23.0,0.93,32.3,2.8,6.2,13.97
23.0,2.74,34.5,2.1,7.5,22.25
42.5,2.59,27.6,2.6,4.6,14.47
42.5,0.26,35.6,2.3,7.3,11.38
60.4,0.25,34.3,4.7,7.2,9.76
60.4,0.24,23.4,3.4,5.8,6.27
18.0,1.06,41.2,2.4,4.4,18.11
18.0,0.74,34.1,2.0,7.2,14.13
60.4,0.28,29.7,1.4,3.5,5.87
60.4,0.02,19.6,3.5,7.7,5.88
26.5,0.52,24.9,4.7,7.8,10.79
26.5,0.14,35.5,1.5,9.5,11.79
42.5,0.13,22.7,3.4,10.7,8.79
42.5,0.18,29.5,2.2,8.6,8.67
22.5,0.28,32.3,5.3,9.7,13.48
22.5,0.1,25.1,2.9,4.6,6.77
57.0,1.03,41.2,4.9,6.7,13.93
57.0,1.61,35.4,2.7,9.0,14.4
59.0,0.64,29.2,2.4,6.2,8.57
59.0,0.56,27.7,2.9,9.8,9.36
54.0,0.49,32.3,1.3,7.4,9.08
54.0,3.49,36.7,2.6,5.5,19.42
22.5,1.58,33.5,4.2,6.2,17.66
22.5,1.44,35.6,4.3,5.7,17.7
59.5,0.05,19.4,3.5,8.1,5.97
59.5,0.07,25.4,1.2,8.8,5.94
57.0,0.57,23.2,3.0,6.1,6.73
57.0,0.07,27.8,2.9,8.8,7.08
59.0,0.65,33.0,1.6,9.0,9.88
59.0,0.33,32.6,2.4,7.1,8.32
54.0,1.7,31.1,2.6,9.5,13.86
54.0,0.91,27.2,3.4,8.4,10.65
49.6,0.29,17.1,3.0,5.6,6.54
49.6,0.01,16.6,1.4,8.7,6.07
22.5,0.82,30.0,1.0,7.3,12.05
22.5,0.85,26.4,2.6,5.4,10.4
59.0,0.02,23.7,1.4,5.0,3.94
59.0,0.14,21.7,1.6,7.1,6.06
57.0,0.5,18.3,0.7,7.1,6.07
57.0,0.4,30.4,1.4,7.4,8.01
60.4,0.28,30.3,4.1,5.8,7.82
60.4,0.43,38.4,1.3,2.8,8.65
54.0,0.02,22.3,2.7,9.1,5.64
54.0,0.07,23.7,1.6,8.3,6.2
49.6,1.9,28.9,3.3,6.0,13.66
49.6,1.48,36.1,3.6,5.8,14.56
27.0,0.91,32.5,1.2,6.4,12.3
27.0,0.73,27.5,2.1,8.6,10.82
60.4,0.79,26.0,3.6,10.1,9.56
60.4,0.44,22.3,1.9,9.4,7.56
27.0,1.75,33.8,2.4,8.9,17.96
27.0,1.01,37.4,4.6,7.5,16.31
22.5,0.01,22.9,2.4,5.2,5.23
22.5,1.27,24.8,4.0,5.4,12.57
60.4,0.78,34.7,4.4,7.6,11.35
60.4,0.6,33.7,2.4,7.6,10.56
59.5,0.34,31.7,1.2,8.6,8.87
59.5,3.29,43.8,2.7,7.7,20.98
57.0,1.58,29.7,2.9,5.6,11.09
57.0,1.6,32.8,2.5,6.6,12.08
49.6,1.18,25.8,3.1,7.2,10.64
49.6,0.28,29.5,4.3,6.0,9.11
49.6,1.0,39.7,2.5,7.9,13.77
49.6,0.61,37.5,3.6,6.6,11.51
60.4,1.59,29.1,1.0,9.5,11.61
60.4,1.63,32.2,2.2,8.9,13.22
11.6,0.03,19.0,0.5,6.8,6.73
11.6,0.2,21.9,1.3,9.4,8.31
52.0,1.18,38.6,4.1,8.1,14.64
52.0,1.32,37.1,2.5,4.6,12.49
60.4,0.23,20.2,1.3,5.8,4.63
60.4,0.42,19.0,2.9,6.2,7.1
22.5,0.9,28.3,2.2,8.0,12.42
22.5,1.21,29.9,3.9,8.3,15.09
59.5,0.07,24.7,3.8,4.0,5.48
59.5,0.02,15.9,1.9,7.9,4.78
27.0,0.41,29.3,3.0,5.1,10.24
27.0,2.85,40.6,1.0,9.2,24.48
54.0,0.07,16.3,1.7,5.3,5.21
54.0,0.45,16.5,2.1,8.8,7.48
10.2,0.14,29.1,4.8,9.4,12.53
10.2,0.03,20.8,2.1,9.0,8.21
54.0,2.36,37.5,1.8,6.5,16.35
54.0,0.81,35.4,0.5,7.4,11.06
60.4,0.86,39.8,1.8,6.9,11.73
60.4,0.69,40.0,2.3,3.7,9.82
12.0,0.4,45.3,0.5,9.7,18.56
12.0,0.71,29.9,3.1,11.7,15.72
23.8,1.68,38.5,3.1,9.2,20.37
23.8,0.85,33.6,3.4,6.0,14.82
57.0,0.16,28.4,2.5,12.3,8.57
57.0,0.64,22.4,3.4,4.0,6.83
52.0,1.78,25.6,2.0,9.5,12.37
52.0,0.49,27.2,2.9,5.8,7.66
52.0,0.86,32.6,4.1,6.7,11.54
52.0,0.54,21.2,0.5,6.3,5.95
57.0,0.14,26.7,2.0,7.5,7.1
57.0,0.26,19.7,3.8,7.6,7.06
52.0,0.05,25.6,3.2,8.2,6.84
52.0,0.3,18.7,2.4,7.6,6.6
49.6,0.18,30.4,1.0,6.0,6.81
49.6,0.09,36.8,2.0,6.6,9.02
54.0,0.01,22.3,3.1,6.8,5.74
54.0,0.61,14.8,2.6,5.6,6.63
1025.0,1.25,38.5,1.3,5.9,2.71
1025.0,0.74,29.6,1.4,6.6,2.89
59.5,0.05,26.0,2.2,6.9,5.53
59.5,0.77,29.6,3.7,7.2,9.85
59.5,2.33,40.0,3.0,8.0,17.55
59.5,1.89,37.3,2.8,6.7,14.77
23.0,0.34,43.1,3.1,7.6,15.72
23.0,1.7,32.5,6.7,7.0,19.63
59.5,2.66,38.3,4.4,9.7,18.96
59.5,1.72,42.9,1.0,8.6,15.75
59.5,0.04,32.0,2.7,8.0,7.92
59.5,0.37,22.3,1.6,6.2,6.38
52.0,4.0,32.3,1.5,5.8,19.27
52.0,0.95,40.4,2.9,6.8,14.6
49.6,1.08,29.6,2.3,4.6,9.28
49.6,1.03,32.3,2.4,8.6,11.38
22.5,0.67,23.5,1.3,6.8,8.73
22.5,0.16,20.6,3.8,7.3,7.86
54.0,0.78,35.5,2.4,6.0,10.36
54.0,1.76,36.9,3.1,6.5,15.28
49.6,0.02,23.8,1.9,7.9,5.84
49.6,0.27,34.1,2.6,7.1,9.71
54.0,0.23,20.0,2.4,7.7,6.16
54.0,0.03,25.0,0.9,7.1,5.84
60.4,0.85,21.9,2.2,4.6,6.45
60.4,0.09,28.6,0.6,2.4,5.09
49.6,0.03,24.6,2.5,6.5,5.22
49.6,0.21,18.8,1.2,4.2,4.9
22.5,0.21,15.4,0.5,9.1,7.32
22.5,0.52,21.8,2.0,2.5,7.88
60.4,0.51,23.7,3.1,5.1,6.33
60.4,1.66,28.3,2.0,8.5,11.6
57.0,0.41,36.3,3.7,6.1,10.19
57.0,0.43,37.8,0.5,5.0,9.1
60.4,0.22,45.0,2.1,6.3,10.94
60.4,0.34,30.4,2.3,8.1,8.46
18.0,0.58,43.7,5.4,9.3,20.63
49.6,0.05,22.5,3.8,7.1,6.95
49.6,0.09,25.9,2.2,9.6,6.07
22.5,0.25,17.4,1.1,7.7,7.4
22.5,0.21,17.2,3.3,6.1,7.05
57.0,2.94,39.8,3.8,8.6,20.33
57.0,2.03,34.3,3.2,7.5,15.47
22.5,0.27,34.8,2.9,10.6,13.72
22.5,0.45,39.4,3.7,8.0,15.83
54.0,0.02,21.1,3.1,7.4,6.73
54.0,0.52,13.2,3.5,7.5,7.56
27.0,0.11,18.6,3.3,6.4,7.06
27.0,0.4,23.6,1.9,9.4,8.3
57.0,0.81,31.1,2.4,6.3,9.12
57.0,0.23,25.6,3.3,8.2,6.8
59.5,1.52,46.5,5.4,8.0,16.72
59.5,0.47,24.3,2.3,3.9,5.87
57.0,0.59,34.9,1.3,4.4,8.68
57.0,0.71,26.9,1.7,8.4,9.59
22.5,0.19,32.8,3.2,6.7,11.64
22.5,0.17,26.9,3.1,11.1,9.55
1288.0,0.69,24.1,1.7,9.8,4.07
1288.0,3.11,39.7,4.5,9.0,5.38
20.0,0.95,33.1,2.5,3.4,13.47
20.0,2.71,36.3,3.9,9.3,25.57
27.0,0.12,26.9,2.8,7.7,9.08
27.0,0.23,18.5,0.5,8.1,6.54
27.0,0.28,17.4,1.5,8.1,7.65
27.0,0.72,12.0,3.8,4.8,10.12
59.5,0.0,18.0,0.5,5.2,3.57
59.5,0.15,20.6,1.4,9.3,6.4
22.5,0.44,12.0,3.9,6.2,9.74
22.5,0.03,19.7,4.4,6.1,6.98
59.5,0.28,33.1,3.1,9.4,9.72
59.5,2.53,34.3,2.8,5.8,15.69
57.0,0.48,32.9,4.0,10.3,10.84
57.0,0.16,29.2,3.5,5.7,7.95
60.4,0.47,27.0,2.3,4.8,7.04
60.4,0.92,36.3,3.5,6.3,11.71
20.0,3.06,27.1,2.9,8.9,22.87
20.0,0.19,27.6,5.8,5.0,10.27
27.0,0.03,21.4,2.6,8.8,7.41
27.0,0.0,12.0,3.1,7.7,6.32
49.6,1.71,29.6,3.4,6.5,13.6
49.6,2.0,28.6,1.7,7.3,13.59
54.0,0.81,22.4,0.5,6.9,6.78
54.0,0.19,16.6,2.6,8.2,6.71
22.5,0.66,34.4,4.2,6.7,14.06
22.5,0.2,25.4,2.1,5.2,7.26
54.0,2.49,39.0,1.8,7.8,17.7
54.0,1.23,23.8,3.9,9.6,10.61
52.0,0.11,18.2,0.5,7.2,5.14
52.0,0.01,19.8,2.0,4.6,4.58
22.5,0.06,26.3,3.9,6.7,9.06
22.5,0.26,25.5,3.4,7.4,9.26
54.0,0.09,21.7,1.9,8.1,5.95
54.0,0.53,18.0,2.2,5.7,6.63
54.0,0.06,18.9,1.9,4.6,4.58
54.0,0.56,23.7,2.6,10.6,8.54
57.0,0.49,34.5,3.3,7.6,10.15
57.0,1.02,46.8,3.4,8.0,15.56
59.5,0.1,24.2,4.1,6.8,6.6
59.5,0.03,22.1,2.1,8.3,6.39
57.0,0.09,16.4,2.4,7.8,6.08
57.0,0.03,21.0,4.6,6.6,5.51
49.6,0.02,20.5,2.4,7.4,5.57
49.6,0.79,22.4,2.2,7.0,7.91
60.4,0.24,14.1,2.4,6.1,5.55
60.4,0.68,21.8,2.0,8.3,7.15
52.0,0.21,17.1,0.5,8.2,5.06
52.0,0.04,21.7,1.8,7.0,5.04
49.6,0.37,23.3,1.3,8.2,6.52
49.6,0.01,23.5,3.5,6.3,5.79
59.5,0.7,33.0,5.5,4.8,10.7
59.5,0.2,22.3,2.5,5.5,5.65
60.4,1.29,30.5,3.6,5.9,11.11
60.4,0.52,22.1,1.8,4.5,5.29
60.4,0.21,18.6,3.6,3.7,4.18
60.4,0.15,23.8,4.4,4.8,5.46
49.6,1.45,33.7,3.2,7.2,13.56
49.6,0.48,38.6,1.2,6.1,10.44
52.0,0.59,45.0,2.6,7.7,13.11
52.0,0.58,41.8,1.4,6.4,12.68
27.0,0.16,21.7,3.4,4.7,7.25
27.0,0.37,27.7,2.1,7.4,9.23
27.0,1.35,28.7,1.8,6.3,12.53
27.0,0.18,32.3,2.1,7.6,9.83
52.0,0.01,23.5,2.5,6.6,5.4
52.0,0.63,31.1,2.6,6.3,9.69
27.0,0.3,36.4,1.8,8.3,12.42
27.0,1.71,42.9,1.9,9.3,21.07
662.0,2.64,24.7,10.5,8.0,7.16
662.0,0.49,18.3,7.2,9.5,6.22
15.0,0.36,38.1,4.2,3.0,14.88
12.0,0.72,31.5,3.9,9.0,15.75
12.0,1.34,29.3,3.9,7.5,17.73
20.0,0.25,35.4,2.5,6.1,12.27
20.0,1.32,31.7,6.0,8.1,18.54
13.6,0.2,20.8,1.7,7.8,8.75
13.6,0.03,18.5,3.5,7.2,8.06
17.5,0.67,39.4,3.4,5.7,16.51
14.9,1.81,25.8,1.6,9.3,16.35
14.9,0.45,31.1,3.0,9.8,13.55
11.1,1.94,34.3,3.4,6.9,23.14
8.6,0.13,24.5,3.2,7.2,9.38
8.6,1.06,31.2,3.1,6.6,17.26
17.5,0.82,26.7,2.8,4.2,10.87
17.5,0.16,34.0,3.6,9.9,13.58
40.0,1.1,22.6,2.3,5.1,8.66
40.0,1.86,34.6,3.0,5.2,15.34
17.9,0.82,23.5,3.1,9.3,11.44
17.9,0.5,46.0,3.4,9.3,20.04
59.5,1.24,19.9,0.8,10.3,9.61
59.5,0.21,19.9,1.1,3.5,3.96
40.0,2.21,26.2,0.5,7.2,13.83
40.0,0.31,29.7,2.5,7.5,8.79
18.5,2.12,33.3,6.8,7.7,23.55
52.0,1.69,38.7,3.4,9.6,16.45
52.0,1.36,34.2,1.7,4.8,11.91
9.9,1.03,30.1,4.4,7.8,17.11
9.9,0.53,39.9,1.9,3.3,16.42
10.0,0.34,21.9,4.1,9.8,11.29
10.0,0.81,31.5,3.2,4.8,14.81
15.2,0.24,26.4,3.8,10.4,10.92
15.2,0.6,35.1,0.5,8.4,14.38
60.4,4.5,39.3,4.5,7.7,23.78
60.4,0.93,38.7,2.1,11.5,13.75
54.0,0.01,18.5,0.6,8.7,5.78
54.0,0.0,25.6,1.1,3.7,4.15
26.0,0.74,36.3,6.8,8.8,17.28
26.0,0.64,31.7,3.7,3.6,11.53
11.1,0.39,41.0,2.4,7.5,17.1
11.4,0.13,42.4,2.1,8.4,16.9
11.4,0.91,22.1,2.4,7.4,11.74
9.9,0.19,26.6,1.8,9.2,10.6
9.9,1.5,23.8,3.8,6.5,16.15
14.8,0.28,21.4,3.4,9.5,10.06
14.8,0.25,34.8,1.6,9.3,14.06
49.6,0.53,40.6,4.7,6.5,13.18
49.6,0.15,27.4,4.8,8.3,8.82
40.0,0.83,35.1,0.5,5.5,11.18
40.0,0.54,44.5,2.6,5.6,13.96
25.0,0.96,33.5,3.2,6.9,14.1
25.0,0.32,31.0,1.6,5.9,9.96
16.0,1.1,19.1,1.5,5.5,11.17
16.0,1.74,22.4,1.4,6.3,14.47
22.5,1.31,31.0,1.9,8.3,14.99
22.5,2.04,36.8,3.7,8.5,22.07
10.2,1.0,37.6,3.0,10.7,20.49
54.0,1.4,28.4,6.4,7.1,17.86
54.0,0.37,16.5,5.8,4.3,11.25
20.0,0.22,28.6,2.0,9.6,9.88
20.0,0.46,27.8,1.8,6.0,9.32
22.5,0.98,23.4,4.4,6.8,12.19
22.5,0.59,23.4,0.5,9.4,8.18
21.5,0.8,29.4,0.9,9.9,12.43
23.8,1.33,35.7,2.0,6.2,16.02
17.0,2.01,34.9,3.7,5.0,21.39
17.0,0.7,38.3,2.2,5.2,15.83
22.5,0.64,29.3,5.2,7.8,13.14
22.5,1.89,30.4,2.9,8.7,18.83
54.0,0.24,34.0,1.2,7.8,8.74
54.0,2.96,33.9,2.4,7.9,17.65
10.3,0.52,21.6,1.1,4.4,9.24
10.3,0.45,25.5,1.4,6.7,9.72
10.0,0.2,36.6,1.9,7.8,14.34
10.0,1.61,22.4,3.0,5.3,14.96
39.5,1.32,34.5,3.1,5.3,13.66
39.5,2.87,39.5,3.0,7.2,21.6
11.5,0.44,30.8,3.7,7.4,13.38
11.5,1.02,20.3,3.7,6.8,12.86
8.4,0.67,25.9,3.1,6.4,12.11
8.4,0.15,22.2,2.6,7.6,8.79
55.0,0.11,21.0,0.7,8.1,6.27
55.0,0.49,16.1,3.7,7.3,7.74
10.3,0.94,22.0,1.7,8.6,12.35
10.3,0.29,18.4,2.6,8.3,10.13
11.4,0.99,33.4,1.5,5.7,15.27
11.4,0.94,34.2,2.2,6.4,16.73
17.9,0.07,24.4,3.4,8.1,8.56
17.9,0.07,25.6,2.1,8.7,8.09
54.0,1.97,34.4,2.5,6.4,14.35
54.0,0.82,35.1,1.3,9.0,11.65
59.5,0.82,32.8,0.7,8.6,9.6
59.5,1.12,34.3,4.5,5.8,11.48
17.5,0.9,32.2,2.1,5.9,13.95
17.5,0.69,33.2,4.3,5.0,14.59
60.4,0.96,45.5,0.5,7.4,13.27
60.4,0.86,37.9,4.0,8.7,12.92
12.0,1.06,34.8,2.9,5.7,18.31
12.0,0.78,27.4,3.4,10.2,14.75
28.0,0.67,27.1,3.1,4.5,9.65
28.0,0.32,27.3,1.7,7.6,8.11
57.0,1.08,42.7,4.9,6.7,15.43
57.0,0.55,40.2,2.7,4.6,10.69
39.5,0.35,27.2,2.3,9.4,8.76
39.5,0.02,28.9,0.5,9.6,7.02
14.3,1.55,47.5,4.4,8.0,26.74
14.3,0.64,42.2,3.2,6.5,18.45
70.0,0.89,35.3,1.5,7.1,9.89
70.0,1.08,35.1,2.9,7.0,11.05
49.6,0.39,21.1,2.2,4.3,5.95
49.6,0.19,24.5,3.4,8.1,7.14
60.4,0.28,14.1,3.4,2.8,4.97
60.4,0.25,21.5,4.0,6.6,6.47
14.5,1.34,26.0,1.8,5.2,13.15
14.5,0.11,22.0,1.2,8.1,7.6
14.8,0.33,41.0,1.9,7.3,16.07
14.8,3.3,34.1,2.3,7.0,26.85
12.3,0.51,35.4,4.9,5.4,15.93
12.3,1.14,38.7,2.6,8.4,20.61
49.6,0.91,45.9,3.6,10.3,16.87
49.6,0.18,33.3,0.6,5.8,7.42
17.5,2.24,29.4,5.3,3.8,20.2
18.0,1.14,37.3,4.1,7.5,18.61
11.6,4.48,36.8,0.9,6.9,34.92
11.6,0.64,33.8,3.6,8.3,16.1
12.3,2.88,45.1,4.0,7.8,32.59
12.3,1.98,39.5,2.0,6.9,24.0
23.0,1.49,28.0,1.3,5.5,12.73
23.0,0.19,30.1,1.7,6.5,9.58
18.0,0.12,34.3,5.2,7.8,13.94
18.0,0.5,36.7,3.0,10.2,15.72
57.0,1.19,37.0,5.6,4.7,12.18
57.0,2.64,41.5,1.2,5.5,16.59
6.0,0.38,25.2,2.3,10.3,11.06
6.0,2.05,32.6,3.1,9.8,24.68
15.5,0.94,25.1,2.8,6.2,11.43
15.5,0.09,33.5,2.8,6.9,12.19
18.0,0.85,36.5,3.2,5.4,15.61
23.0,1.52,30.4,3.1,5.9,15.6
23.0,0.49,44.9,3.7,4.4,16.13
17.0,2.05,25.7,4.0,5.4,18.42
17.0,0.24,24.3,1.2,10.2,8.33
59.5,0.28,37.2,3.2,7.5,9.91
59.5,2.82,39.7,1.9,7.6,18.06
22.0,0.34,40.5,1.1,8.7,14.11
22.0,0.09,37.8,4.1,5.4,12.82
14.5,0.98,36.1,2.8,8.2,17.02
14.5,0.83,41.1,3.8,6.6,19.65
17.0,1.01,33.8,4.7,4.4,16.25
10.2,0.77,43.4,1.9,7.1,19.59
11.1,0.56,31.9,3.4,11.6,16.42
52.0,0.27,26.7,2.7,4.4,6.19
52.0,0.14,22.5,1.2,8.2,5.73
48.0,1.26,27.2,4.2,5.9,10.89
48.0,0.53,35.9,3.7,8.9,12.23
11.6,1.59,35.6,4.3,5.6,21.93
11.6,2.09,36.9,1.2,10.5,23.79
10.2,0.12,40.7,3.7,9.0,16.91
10.2,1.05,35.6,1.9,9.1,19.06
8.0,0.07,18.6,4.0,8.1,9.01
8.0,0.67,34.7,2.9,6.7,16.21
18.0,0.93,36.5,6.3,8.1,18.64
18.0,1.1,32.4,2.5,5.0,14.12
11.6,1.39,25.3,3.2,6.8,15.17
11.6,0.01,16.2,4.2,5.1,7.88
57.0,0.16,20.2,2.7,5.2,5.05
57.0,0.12,20.1,2.3,6.0,5.15
30.0,2.04,43.6,3.4,6.0,20.97
30.0,2.43,46.2,0.5,5.4,22.81
11.4,0.41,50.0,2.6,6.1,21.13
11.4,0.72,46.8,3.2,10.4,22.67
8.6,0.64,37.6,5.0,8.5,20.22
8.6,0.78,41.9,1.5,9.8,21.2
42.9,3.24,34.5,0.8,7.6,20.73
42.9,1.15,30.7,1.5,6.5,11.76
12.3,1.57,28.9,0.9,7.3,17.17
12.3,0.86,21.8,5.5,5.0,12.61
22.5,3.91,36.2,2.9,9.0,29.7
22.5,0.86,29.3,3.8,4.5,12.55
40.0,3.96,32.0,6.8,8.0,24.49
40.0,1.84,40.7,7.0,9.3,21.55
10.0,0.02,29.9,3.9,3.9,10.45
10.0,0.17,28.6,1.9,8.3,10.43
10.1,0.51,33.5,4.1,10.3,16.77
10.1,0.82,26.5,0.6,11.7,13.2
8.4,0.16,20.9,1.6,6.1,7.71
8.4,0.07,17.1,3.9,2.0,6.72
39.5,0.5,26.4,2.2,7.3,8.85
39.5,0.54,20.6,2.5,8.4,8.47
14.8,1.45,38.7,1.3,4.1,19.09
14.8,3.84,35.3,1.1,7.1,30.1
10.3,0.63,37.1,2.4,5.6,15.88
10.3,0.2,45.1,3.4,7.1,19.28
13.6,1.69,33.1,1.8,6.8,19.84
13.6,1.39,43.9,1.9,8.1,22.88
11.1,3.47,35.3,3.0,8.7,31.39
14.3,0.6,26.7,1.6,6.1,10.96
14.3,2.03,40.4,0.8,7.5,23.99
39.5,0.05,22.5,1.9,12.8,7.84
39.5,0.16,28.3,2.8,7.4,7.52
14.4,1.7,29.9,1.9,8.0,18.78
14.4,0.46,45.6,2.3,9.1,20.68
6.0,0.34,36.7,2.7,4.5,15.62
6.0,2.5,37.0,1.7,9.6,28.92
11.1,2.21,35.1,0.5,8.7,22.81
11.1,0.61,35.4,0.7,11.9,16.22
13.6,0.58,14.2,4.2,6.2,10.87
13.6,0.03,19.9,1.5,10.5,8.08
9.9,1.73,35.7,3.2,8.1,22.86
9.9,1.81,37.4,2.0,6.8,22.85
10.0,0.44,24.9,2.0,8.2,9.73
10.0,0.55,21.7,2.8,6.4,10.32
10.2,0.5,36.3,2.7,6.4,15.92
10.2,1.41,30.9,3.5,8.2,19.39
8.0,2.43,29.7,4.3,9.3,25.92
8.0,1.19,36.3,2.3,6.2,19.92
13.8,0.75,26.2,0.5,5.2,10.38
13.8,0.49,32.6,3.2,8.4,14.37
8.6,1.57,28.6,5.4,6.5,19.98
8.6,1.79,39.8,0.6,3.0,22.49
22.5,0.05,24.2,2.7,8.1,8.35
22.5,0.01,28.3,3.8,5.8,8.45
15.2,0.63,35.5,0.5,7.8,14.3
15.2,0.64,38.6,2.8,9.0,17.53
9.9,0.74,44.2,1.7,6.3,19.71
9.9,2.31,28.0,0.8,6.7,20.44
10.3,2.06,28.7,2.2,6.6,19.04
10.3,0.46,30.2,2.4,7.0,12.65
20.5,1.13,15.8,1.8,7.0,11.51
20.5,0.7,25.9,2.4,8.7,11.57
6.0,1.52,45.7,3.2,6.9,28.23
6.0,0.68,29.7,3.7,8.5,16.32
49.6,1.58,35.3,3.3,5.3,13.46
49.6,0.6,34.8,2.5,5.8,10.47
14.9,2.73,41.0,0.5,8.2,27.33
14.9,2.29,35.1,2.4,9.1,23.98
39.5,0.75,29.1,2.4,5.6,9.79
39.5,0.4,22.5,1.9,9.0,7.64
10.0,2.11,33.8,0.5,4.9,21.51
10.0,2.09,35.7,0.5,9.4,23.51
52.0,0.07,28.7,5.7,7.5,8.24
52.0,0.61,29.3,3.6,5.3,8.82
22.5,0.01,22.8,2.0,7.8,6.95
22.5,0.0,30.2,3.0,11.1,10.6
10.2,2.54,34.0,3.8,4.5,25.44
10.2,0.17,27.5,2.2,8.7,9.99
57.0,1.31,40.4,2.9,6.0,14.05
57.0,1.2,36.7,3.3,7.3,13.28
11.4,1.2,36.4,2.1,6.8,18.77
11.4,1.42,32.9,2.9,6.8,19.21
52.0,1.39,38.1,3.7,8.5,15.56
52.0,1.03,32.2,3.7,6.9,11.74
14.8,0.19,23.6,0.5,8.0,6.95
14.8,0.29,22.7,5.8,4.1,9.75
59.5,0.05,22.4,3.4,8.3,6.63
59.5,0.32,22.5,3.4,8.1,7.39
57.0,0.27,18.8,3.1,4.8,5.68
57.0,0.13,28.5,1.2,8.1,7.29
54.0,3.17,40.5,2.0,11.0,21.62
54.0,1.33,36.1,3.5,7.3,13.35
9.9,0.73,44.3,0.6,8.4,20.21
9.9,1.33,30.9,2.7,5.9,17.2
10.0,0.75,33.4,1.0,6.1,13.57
10.0,0.43,31.4,2.2,7.3,13.23
10.0,0.71,44.1,4.3,7.3,21.43
10.0,2.86,38.6,0.5,8.4,28.55
9.9,0.66,25.0,1.4,4.4,10.23
9.9,0.32,30.3,2.6,7.3,12.35
10.1,0.6,36.6,1.3,10.5,17.38
10.1,1.06,21.2,3.7,8.4,14.78
14.9,0.15,37.8,2.0,11.7,15.17
14.9,0.37,39.8,3.0,3.8,15.24
54.0,1.65,24.3,3.5,8.0,10.8
54.0,0.04,28.5,1.7,9.3,6.8
50.4,0.11,19.3,1.7,7.8,5.66
50.4,0.09,18.8,1.0,9.1,6.93
12.0,2.01,31.3,2.6,9.6,21.7
12.0,0.9,40.8,3.2,7.7,20.27
14.6,0.83,43.8,4.1,8.0,20.88
14.6,3.2,50.0,4.7,10.9,35.0
10.3,0.22,13.7,4.7,4.6,9.18
10.3,0.43,26.3,2.0,5.9,10.4
49.6,0.22,17.9,1.5,6.0,5.95
49.6,0.06,18.3,3.4,10.7,7.81
10.0,1.41,34.2,4.3,5.5,20.46
10.0,0.27,39.3,1.8,6.1,15.62
17.9,0.05,24.7,5.0,6.2,8.3
17.9,0.28,19.5,1.9,9.2,8.78
9.9,2.06,31.3,2.6,7.2,21.18
9.9,0.66,43.6,4.1,7.0,21.38
15.2,0.81,42.8,1.6,9.9,19.07
15.2,2.08,39.8,3.8,8.5,24.76
15.5,0.17,27.8,3.8,5.9,9.38
15.5,0.28,28.4,2.0,8.7,10.89
10.3,1.89,37.0,0.5,6.8,21.94
10.3,1.25,23.4,2.1,6.3,12.95
10.1,1.22,39.7,5.1,6.6,22.54
10.1,0.41,37.5,2.6,7.1,16.04
54.0,0.02,25.3,1.2,7.3,5.19
54.0,0.1,24.9,2.4,4.8,5.2
20.9,0.22,28.3,1.7,6.1,8.51
20.9,0.1,21.8,0.5,7.0,6.17
10.3,1.44,30.6,3.4,5.8,18.3
10.3,1.98,41.9,2.1,7.4,24.8
13.8,0.79,48.2,5.1,5.8,22.45
13.8,2.26,31.5,4.5,8.2,22.98
12.3,4.02,38.6,2.4,7.7,35.0
12.3,1.99,28.1,2.6,10.2,20.2
14.4,2.0,30.5,3.1,7.2,20.62
14.4,1.9,29.8,1.2,3.2,16.91
52.0,1.15,37.0,4.4,7.1,14.31
52.0,2.53,34.8,2.8,5.6,16.5
13.8,0.23,20.3,2.8,7.4,8.66
13.8,1.79,29.4,4.1,6.4,19.86
59.5,0.63,29.4,3.9,5.5,8.75
59.5,0.43,28.1,4.4,10.4,9.28
10.2,0.33,26.1,2.3,4.9,8.45
10.2,0.24,18.8,3.6,8.5,10.12
39.5,0.54,38.9,2.0,8.0,12.97
39.5,0.35,34.0,4.0,7.2,10.86
49.6,0.21,35.8,2.4,5.9,9.87
49.6,0.14,16.7,1.6,7.4,5.63
10.0,0.08,40.3,0.5,8.7,14.92
10.0,0.41,16.0,3.3,3.4,9.37
11.6,1.34,27.0,2.5,5.6,15.6
11.6,0.26,39.1,3.1,5.6,14.19
11.1,0.2,30.1,2.0,9.8,13.02
12.3,1.21,32.9,2.2,7.8,18.18
12.3,0.72,37.3,4.8,7.3,17.7
17.9,2.3,38.1,3.5,7.3,24.23
17.9,2.32,39.7,2.4,8.1,24.42
60.4,1.01,37.3,1.9,6.6,11.9
60.4,0.9,37.2,3.0,6.4,12.09
8.4,0.77,22.4,3.4,4.8,11.03
8.4,0.9,19.6,1.2,5.5,10.8
11.4,0.98,26.7,3.2,6.8,14.84
11.4,3.11,25.0,3.6,11.0,25.73
12.0,0.65,29.8,4.8,5.3,13.93
12.0,2.22,38.3,2.5,6.1,24.54
8.6,0.07,18.3,4.2,5.5,8.45
8.6,0.22,17.4,4.1,8.0,9.7
10.3,1.31,24.9,2.0,5.6,14.31
10.3,1.1,31.2,2.1,8.6,17.04
14.8,1.32,34.4,2.3,7.1,17.61
14.8,1.44,31.8,1.4,8.2,17.14
42.5,0.32,18.4,0.5,7.1,5.91
42.5,0.38,26.8,0.7,4.6,6.3
60.4,2.31,35.4,1.4,6.8,14.44
60.4,4.5,33.5,2.9,8.4,21.76
9.9,0.14,30.1,3.5,6.1,11.11
9.9,1.6,20.4,2.0,2.6,13.59
14.3,0.31,20.3,4.3,6.9,9.02
14.3,0.5,15.3,1.0,5.6,8.13
22.5,1.24,41.7,2.6,3.2,17.37
22.5,0.97,33.6,2.0,6.2,14.02
54.0,0.52,32.1,3.8,5.6,8.31
54.0,2.19,32.9,2.2,5.3,14.39
14.5,1.52,39.5,0.5,8.5,21.14
14.5,1.32,38.8,1.4,6.0,19.07
49.6,1.31,27.1,2.7,6.2,10.88
49.6,0.1,16.4,2.5,4.9,5.15
57.0,0.43,26.9,2.7,6.8,7.95
57.0,0.89,25.9,2.0,7.4,8.87
8.0,3.02,41.3,1.2,6.6,31.29
8.0,0.46,37.0,4.6,8.3,18.66
52.0,0.59,21.8,3.2,9.7,8.04
52.0,0.07,28.7,0.5,4.0,5.98
31.2,0.17,18.0,3.7,8.7,7.93
31.2,0.0,27.7,1.7,8.3,6.67
22.5,1.58,30.3,3.2,6.8,16.37
22.5,1.26,35.1,2.1,7.5,15.85
14.8,0.34,30.1,2.3,7.0,10.95
14.8,1.04,44.5,3.3,8.0,22.2
59.5,1.5,40.0,4.7,8.9,16.01
59.5,0.41,44.5,3.3,8.4,13.0
42.9,0.11,20.5,1.5,7.8,6.23
42.9,0.73,26.4,3.5,6.6,9.67
10.0,0.63,39.4,2.6,7.8,18.86
10.0,1.66,40.0,2.3,9.8,24.84
60.4,0.91,19.0,3.5,9.1,9.5
60.4,0.59,32.0,3.3,8.8,10.33
57.0,1.63,37.9,3.2,5.7,13.97
57.0,0.31,25.5,3.7,5.8,7.09
15.5,2.83,28.1,4.0,9.8,24.41
15.5,0.86,25.9,2.1,3.3,10.09
11.4,0.33,36.3,1.8,8.0,14.41
11.4,3.45,48.1,1.5,5.3,34.85
60.4,0.33,26.0,2.5,5.9,5.99
60.4,0.2,28.1,2.3,4.2,5.99
42.5,0.71,17.7,2.4,7.6,8.55
42.5,0.04,28.5,0.7,7.2,6.64
14.5,0.12,31.0,2.6,3.1,9.4
14.5,0.6,23.8,3.3,6.7,10.67
11.6,0.09,17.3,3.9,9.2,8.88
11.6,0.64,26.3,4.1,6.3,12.03
42.9,0.74,41.3,4.6,5.9,14.8
42.9,1.75,39.1,3.7,7.8,17.33
31.1,0.07,23.6,1.0,6.8,5.81
31.1,0.08,16.2,4.4,6.0,6.75
59.5,1.68,43.3,1.8,5.2,14.39
59.5,3.32,46.0,1.7,8.6,21.99
10.0,1.06,35.5,3.8,6.7,19.72
10.0,3.03,37.3,3.2,10.4,31.47
10.1,0.25,37.5,3.8,6.1,16.13
10.1,1.42,37.2,1.3,10.3,21.32
54.0,0.96,30.2,3.4,4.9,9.55
54.0,0.71,24.6,4.0,6.7,8.27
80.0,0.21,40.9,3.6,4.9,9.06
80.0,0.95,34.3,1.5,7.6,9.44
57.0,1.04,33.8,4.1,5.7,11.18
57.0,0.22,32.2,3.9,7.3,9.23
57.0,0.16,27.7,3.3,5.4,6.82
57.0,0.39,16.0,4.8,5.6,7.15
49.6,0.47,27.7,2.2,5.6,7.66
49.6,0.45,28.9,4.0,3.4,7.5
39.5,1.04,38.2,4.1,6.0,14.17
39.5,1.3,35.4,3.2,7.3,15.54
22.5,0.06,30.8,2.4,7.0,9.97
22.5,0.29,18.9,2.0,5.8,6.85
60.4,0.06,29.9,3.6,6.0,7.09
60.4,0.17,16.3,4.4,6.3,5.79
22.5,2.13,38.9,5.3,8.4,24.28
22.5,2.04,39.6,2.6,5.6,20.87
59.5,0.23,23.9,2.9,5.0,5.49
59.5,0.02,28.6,0.9,5.1,4.87
39.5,1.24,31.0,3.1,7.5,13.21
39.5,1.45,36.0,4.0,3.1,14.58
49.6,0.0,30.0,2.8,5.9,7.25
49.6,0.21,21.4,1.4,9.1,6.37
12.0,1.2,41.9,2.9,4.4,21.05
12.0,1.76,33.6,2.6,7.3,20.91
54.0,0.28,18.1,2.8,9.9,6.85
54.0,0.02,14.8,0.9,8.6,5.8
60.4,4.5,30.3,1.4,6.8,19.71
60.4,0.67,26.4,3.1,5.0,7.46
59.5,0.01,25.5,4.9,6.2,6.13
59.5,0.15,32.4,2.1,8.0,8.73
52.0,0.44,17.2,2.2,6.7,6.36
52.0,0.5,13.9,2.7,8.8,7.78
59.5,3.88,42.7,4.6,10.6,24.26
59.5,0.11,46.5,3.2,9.1,12.39
59.5,0.47,41.2,3.8,7.4,12.44
59.5,0.16,36.9,2.7,10.3,9.96
52.0,3.16,35.1,2.9,5.7,17.86
52.0,0.81,41.7,5.3,4.7,13.29
57.0,0.08,21.0,1.9,7.0,5.51
57.0,0.04,23.4,2.4,6.7,5.38
52.0,0.07,28.6,2.3,10.5,8.63
52.0,3.01,27.8,1.5,6.5,16.49
23.8,1.0,19.7,3.9,11.0,13.13
23.8,1.63,36.9,1.5,5.7,17.66
49.6,0.88,40.1,1.4,8.6,13.38
49.6,0.81,31.5,5.2,5.8,11.36
23.0,2.48,34.0,3.9,5.8,22.05
23.0,0.65,38.9,1.3,9.3,15.68
54.0,0.86,42.0,2.1,6.2,12.93
54.0,0.44,40.8,2.8,5.5,11.23
18.0,2.51,34.2,0.9,7.9,22.22
18.0,0.26,44.3,3.5,7.0,18.06
57.0,1.01,37.5,2.3,9.7,12.86
57.0,0.43,26.3,0.5,7.9,6.99
22.5,0.31,17.7,3.9,11.0,10.47
22.5,0.48,21.6,4.2,7.1,10.23
49.6,0.15,20.0,3.9,5.1,6.0
49.6,0.06,28.3,1.3,8.4,7.29
60.4,0.36,24.0,3.9,7.0,7.14
60.4,0.17,22.4,1.3,7.0,5.51
22.5,0.66,28.2,2.6,4.5,10.73
22.5,0.88,23.1,3.4,7.8,10.98
52.0,0.41,45.0,2.5,8.0,13.24
52.0,0.57,40.4,5.0,5.6,12.97
42.5,1.44,21.8,2.1,4.4,9.29
42.5,0.46,29.3,4.2,6.4,9.43
54.0,1.41,35.3,2.6,7.0,13.05
54.0,1.18,39.3,4.0,7.5,14.7
57.0,0.37,15.6,2.6,7.3,6.86
57.0,0.57,24.2,1.8,7.8,7.05
49.6,0.06,18.5,1.8,6.5,4.69
49.6,0.4,20.3,3.5,9.5,7.78
59.5,0.4,27.6,3.0,4.0,6.89
59.5,0.39,25.3,1.6,7.0,7.06
57.0,1.48,35.8,3.2,7.6,14.25
57.0,1.36,31.2,3.2,7.2,12.06
54.0,0.11,28.1,2.3,8.0,7.7
54.0,0.01,18.1,2.6,6.6,5.23
52.0,1.26,37.2,2.1,8.7,13.87
52.0,0.69,33.4,0.5,7.4,9.7
49.6,0.62,34.0,2.0,7.8,10.82
49.6,0.54,27.1,2.7,5.2,8.22
57.0,0.03,18.5,2.0,4.0,4.44
57.0,0.01,18.2,0.7,8.3,5.43
42.5,1.05,31.6,1.8,9.6,12.06
42.5,0.37,38.6,4.7,8.6,13.68
60.4,0.87,26.5,1.6,3.9,7.32
60.4,2.88,35.7,4.0,5.4,17.03
42.5,0.74,21.8,0.5,6.7,7.62
42.5,0.16,34.2,3.3,4.8,9.08
52.0,0.09,23.0,4.9,7.2,6.54
52.0,0.28,18.3,2.5,4.9,5.66
60.4,0.58,26.0,4.7,7.2,8.78
60.4,0.99,31.0,1.5,7.7,9.98
57.0,0.27,29.7,2.0,7.0,7.85
57.0,1.91,29.9,3.3,8.4,13.86
49.6,2.77,34.5,2.3,7.9,18.39
49.6,0.51,30.0,3.1,6.6,8.56
22.5,0.05,28.1,6.0,5.5,10.37
22.5,1.1,29.3,3.0,7.6,13.87
42.5,0.26,17.6,1.5,6.9,6.18
42.5,0.65,18.3,2.6,5.7,8.12
59.5,0.11,25.1,2.0,7.4,5.85
59.5,0.35,32.9,4.6,8.9,9.97
59.5,0.48,34.9,2.4,7.5,10.22
59.5,1.72,38.5,2.4,5.0,13.7
49.6,0.43,31.3,3.5,10.1,10.3
49.6,0.6,22.0,3.5,9.4,8.82
59.5,0.14,28.1,1.0,4.3,4.65
59.5,0.33,29.2,1.6,7.2,7.24
60.4,0.02,27.2,2.8,7.9,6.62
60.4,0.01,17.2,3.7,6.8,5.63
22.5,0.08,31.6,1.1,5.5,9.28
22.5,0.04,23.0,2.6,8.4,7.64
42.5,0.36,25.1,3.5,8.7,7.98
42.5,0.67,17.8,1.5,9.1,7.73
49.6,0.43,27.6,2.2,7.2,8.92
49.6,0.01,24.7,3.5,3.3,4.61
49.6,0.18,23.7,1.9,9.3,6.71
49.6,0.05,29.4,3.5,4.6,7.27
57.0,1.8,45.3,0.8,6.1,15.45
57.0,2.07,34.4,2.7,6.2,14.03
12.5,0.88,33.6,1.8,11.1,16.26
12.5,0.93,35.7,2.9,6.8,17.51
59.5,0.95,28.2,2.9,7.9,8.88
59.5,1.02,33.3,2.7,8.6,11.67
80.0,1.77,31.0,4.2,7.2,11.89
80.0,0.41,33.4,3.7,5.4,7.49
52.0,3.13,34.0,2.8,7.1,18.7
52.0,2.78,30.5,3.5,7.2,16.68
42.5,0.45,38.0,3.7,7.2,11.81
42.5,1.15,30.4,1.0,6.3,11.21
18.0,1.04,44.9,0.5,7.6,19.6
18.0,0.87,36.6,2.6,8.1,16.46
59.5,0.35,16.2,4.2,8.9,7.54
59.5,0.4,26.4,2.3,8.6,8.16
54.0,0.05,29.9,2.6,8.6,7.84
54.0,0.11,22.4,1.9,7.4,5.87
59.5,0.38,26.4,4.3,8.1,8.03
59.5,2.0,26.4,3.7,7.2,12.04
23.0,2.11,40.0,0.5,8.9,21.67
23.0,0.54,33.6,4.6,9.4,14.75
54.0,0.67,29.8,0.8,7.1,8.79
54.0,0.38,27.6,2.6,5.8,7.28
49.6,0.54,20.7,2.0,7.7,7.65
49.6,0.24,24.4,2.6,9.4,7.35
60.4,0.87,31.2,4.0,5.2,9.92
60.4,0.45,23.6,1.0,8.1,6.74
59.5,0.01,25.4,2.2,8.0,6.29
59.5,0.1,28.4,1.4,7.0,6.36
57.0,1.41,29.8,1.6,10.5,12.4
57.0,1.23,22.5,4.3,9.1,10.69
52.0,1.24,20.1,2.4,3.3,8.23
52.0,0.69,22.2,2.9,9.6,9.0
52.0,0.09,28.1,1.8,12.2,8.53
52.0,0.06,25.6,3.7,7.3,6.04
60.4,0.01,12.5,3.6,8.2,5.29
60.4,0.67,19.0,0.6,8.1,7.09
23.8,1.27,20.5,3.9,6.4,12.53
23.8,3.04,30.4,2.4,6.7,21.72
66.0,0.34,27.7,0.5,7.3,6.88
66.0,0.69,25.6,1.2,4.5,6.27
42.5,0.28,23.2,3.5,5.4,7.48
42.5,0.02,25.8,4.1,6.8,7.52
12.0,2.02,43.6,1.8,8.3,26.22
12.0,0.23,34.0,0.7,5.6,11.18
54.0,1.95,34.0,2.3,7.8,14.29
54.0,0.33,33.2,2.7,8.9,9.24
49.6,3.69,31.3,1.9,10.8,20.55
49.6,0.36,36.9,0.7,7.4,9.26
52.0,0.28,25.3,3.0,5.2,6.48
52.0,0.11,26.4,3.4,8.8,6.93
54.0,0.76,18.8,3.6,8.4,9.08
54.0,0.01,30.3,2.2,7.0,6.74
57.0,0.76,15.3,1.7,10.5,8.8
57.0,0.21,21.3,3.2,9.0,6.99
57.0,0.29,18.0,3.5,9.4,7.17
57.0,0.03,25.6,2.2,6.6,6.23
60.4,0.01,24.1,1.6,7.2,5.04
60.4,0.38,18.2,4.0,7.4,6.69
60.4,1.09,45.1,1.8,5.6,13.49
60.4,1.7,43.7,3.5,8.0,16.13
49.6,0.08,26.7,3.2,9.2,8.38
49.6,0.64,26.2,3.1,10.1,9.68
59.5,0.63,38.7,2.4,8.9,11.53
59.5,1.88,40.4,3.3,6.1,15.19
54.0,0.87,22.0,1.5,5.4,8.0
54.0,0.65,26.1,0.5,6.7,6.66
54.0,1.6,34.6,2.0,10.7,14.54
54.0,2.6,35.2,3.0,3.8,15.47
60.4,3.95,37.8,3.6,8.0,21.61
60.4,0.22,30.7,4.3,7.1,8.56
49.6,0.76,32.9,2.3,4.9,10.02
49.6,0.27,25.1,4.7,8.4,8.47
59.5,0.02,12.0,2.8,5.2,4.71
59.5,0.01,21.5,3.9,6.3,5.28
52.0,0.25,25.0,3.4,4.5,5.96
52.0,0.08,21.7,4.9,7.9,6.75
49.6,1.26,32.1,0.5,7.0,10.84
49.6,0.29,21.7,2.8,6.7,6.92
52.0,0.37,12.0,1.3,6.9,5.07
52.0,0.1,31.6,2.5,7.7,7.92
60.4,0.04,20.6,4.4,9.0,6.76
60.4,0.71,28.5,3.3,7.7,9.22
60.4,0.04,15.3,1.9,9.1,5.83
60.4,0.08,17.8,3.3,6.8,5.5
57.0,1.34,45.2,4.2,3.5,14.85
57.0,1.39,46.7,1.7,9.8,16.27
49.6,0.63,22.1,2.4,5.4,6.77
49.6,0.22,18.1,2.6,8.4,6.65
52.0,3.19,25.8,3.7,8.3,17.76
52.0,0.43,26.2,2.7,8.3,7.24
59.5,0.38,27.7,3.1,6.3,6.45
59.5,0.83,32.1,2.6,6.5,9.5
59.5,0.64,30.9,1.2,7.8,8.22
59.5,0.11,28.2,2.6,7.5,7.24
57.0,0.3,15.0,3.1,6.1,6.24
57.0,0.06,23.1,1.7,7.4,5.71
54.0,0.09,28.0,3.7,9.9,8.17
54.0,0.09,18.3,2.9,6.2,5.48
60.4,0.15,18.1,1.4,8.2,6.04
60.4,1.31,27.6,5.5,7.6,11.3
54.0,0.02,25.9,3.0,4.7,5.33
54.0,0.01,27.9,3.3,5.4,6.45
57.0,0.17,17.5,3.1,9.7,6.62
57.0,0.57,15.9,1.8,4.8,6.72
57.0,0.61,24.1,3.3,7.9,7.8
57.0,1.05,24.1,1.6,8.6,9.22
52.0,0.45,33.8,3.3,7.8,10.41
52.0,2.73,32.1,2.3,6.3,15.15
42.5,1.83,36.2,0.9,5.4,14.88
42.5,2.31,29.0,2.3,7.4,15.77
79.0,0.19,33.6,5.3,5.3,8.48
79.0,1.55,31.1,5.2,7.9,11.78
57.0,0.49,33.9,1.6,5.1,8.08
57.0,1.16,37.1,2.4,8.0,12.84
42.5,0.49,26.8,1.5,8.2,8.06
42.5,0.15,38.3,2.0,7.0,10.14
49.6,0.33,27.5,3.5,5.2,6.96
49.6,0.8,19.4,2.9,8.2,8.31
76.0,1.42,20.8,1.2,5.3,7.63
76.0,0.4,23.5,2.8,9.9,6.59
52.0,0.94,23.4,3.1,6.7,8.61
52.0,1.08,33.3,2.1,7.3,10.86
60.4,0.34,19.3,4.7,6.5,7.08
60.4,0.12,26.1,3.4,8.5,7.04
54.0,1.18,19.7,3.5,4.5,9.42
54.0,0.12,27.8,2.5,9.8,7.76
59.5,0.35,36.2,1.2,4.3,8.23
59.5,0.6,24.0,0.8,14.0,9.37
44.0,0.27,37.4,3.6,4.0,10.96
44.0,0.6,21.3,3.3,5.4,7.23
54.0,0.6,19.2,3.0,10.9,9.68
54.0,0.19,19.7,2.6,3.6,4.81
52.0,0.29,22.3,1.8,8.1,6.09
52.0,0.29,26.8,3.1,5.0,6.67
49.6,0.48,18.4,2.5,6.2,6.56
49.6,0.43,31.9,3.9,7.1,10.33
57.0,1.26,27.9,4.6,4.8,10.67
57.0,0.09,23.0,2.4,5.3,5.27
57.0,0.27,15.1,2.8,5.7,6.43
57.0,0.13,17.2,2.4,6.7,5.22
70.0,0.64,31.1,1.9,7.2,8.71
70.0,0.28,28.8,1.8,6.2,7.1
52.0,0.09,17.2,4.0,7.3,6.49
52.0,0.14,20.0,1.9,8.4,6.49
42.5,0.11,30.4,3.9,9.0,9.33
42.5,0.25,31.3,4.2,6.5,9.97
59.5,0.25,23.3,3.1,7.2,6.06
59.5,0.47,19.5,4.0,8.7,8.27
73.0,0.09,31.5,5.8,8.4,12.42
73.0,0.36,24.9,10.3,9.0,14.36
60.4,0.01,23.5,1.3,12.1,6.72
60.4,0.16,13.5,2.7,9.2,5.84
54.0,0.11,18.5,2.1,8.8,5.92
54.0,0.05,15.8,1.1,8.3,5.73
59.5,0.63,28.0,2.2,6.7,8.33
59.5,0.16,17.4,3.3,6.4,6.02
42.5,0.78,40.0,4.8,7.4,14.5
42.5,2.96,42.3,1.6,7.5,21.19
74.3,1.92,41.0,1.6,7.3,14.17
74.3,1.18,31.9,0.5,5.4,9.04
59.5,1.95,36.8,2.0,9.4,15.59
59.5,0.3,30.8,4.0,7.3,8.45
57.0,1.35,41.2,2.5,4.0,13.28
57.0,0.56,42.4,1.0,6.9,10.94
52.0,0.75,24.8,2.0,7.0,7.96
52.0,0.4,26.2,1.6,9.7,8.7
74.3,1.32,29.5,0.5,7.7,9.98
74.3,0.16,20.1,1.3,8.3,5.55
42.5,1.88,33.9,3.5,5.4,15.32
42.5,0.93,31.9,4.0,9.5,13.1
59.5,0.11,22.7,2.9,8.6,6.12
59.5,0.05,22.2,4.6,11.7,7.4
49.6,0.9,39.5,3.2,7.9,14.2
49.6,1.25,33.0,3.5,7.2,12.76
54.0,0.13,29.7,3.6,10.0,9.27
54.0,0.04,26.7,2.0,5.0,5.73
52.0,0.02,26.1,1.3,7.2,6.3
52.0,0.23,22.7,4.0,5.1,5.76
52.0,0.44,36.3,0.5,6.6,9.28
52.0,2.31,31.5,2.5,6.7,15.54
42.5,2.07,36.6,2.3,8.9,17.4
42.5,0.5,35.3,4.1,5.8,11.09
60.4,0.01,20.2,3.5,7.1,5.1
60.4,0.12,21.9,3.5,5.9,6.32
74.3,0.25,18.7,1.9,5.8,5.27
74.3,1.79,14.7,1.4,10.3,10.87
57.0,0.53,31.0,2.3,6.3,8.78
57.0,0.87,28.0,3.4,8.5,10.24
54.0,0.09,25.8,0.8,6.2,5.39
54.0,1.53,36.4,3.5,8.0,14.2
59.5,1.24,33.1,5.9,6.3,13.13
59.5,1.46,43.2,1.8,7.6,15.35
54.0,0.41,42.4,4.9,9.3,13.27
54.0,1.29,39.3,3.3,9.2,15.68
60.4,0.31,31.7,2.6,6.7,7.61
60.4,1.06,28.3,2.2,9.3,10.78
49.6,0.15,21.3,2.7,2.6,4.43
49.6,1.03,29.8,3.6,5.7,10.86
49.6,0.54,14.3,3.9,4.9,7.83
49.6,0.26,21.1,2.2,2.6,5.14
60.4,3.29,40.3,2.6,8.8,20.37
60.4,1.44,35.7,1.4,7.6,12.04
57.0,0.01,24.2,1.0,6.5,4.64
57.0,0.0,29.6,2.2,9.5,7.17
60.4,0.32,21.8,2.0,5.2,5.13
60.4,0.33,18.6,2.0,5.4,5.48
52.0,0.29,43.3,3.8,10.0,12.89
52.0,0.79,31.5,3.5,6.6,10.29
74.3,0.06,35.6,2.5,4.7,7.26
74.3,0.16,22.9,0.5,9.5,5.79
17.9,0.5,17.3,2.4,9.9,10.57
17.9,1.28,20.3,1.1,8.6,12.91
17.9,0.4,37.0,2.4,7.4,14.58
17.9,0.06,29.5,2.1,6.4,8.94
17.9,0.43,19.8,1.5,8.9,8.66
17.9,1.37,22.0,3.5,8.4,13.3
60.4,0.78,15.7,0.9,8.0,7.25
60.4,0.86,22.2,4.3,6.2,7.97
17.9,0.64,27.1,0.5,5.6,8.99
17.9,0.2,23.4,2.6,9.3,8.36
18.3,0.14,15.7,2.3,6.0,6.67
18.3,0.03,17.5,3.0,7.7,7.24
52.0,0.31,24.6,0.5,6.0,5.2
52.0,0.15,24.1,3.1,6.6,5.52
74.3,1.15,32.3,3.8,9.8,11.13
74.3,0.1,28.9,3.3,6.6,7.5
49.6,1.55,30.5,2.4,5.8,11.33
49.6,0.08,27.0,2.4,11.5,8.33
42.5,1.26,41.1,3.4,5.5,15.68
42.5,0.49,38.4,0.6,9.9,11.92
59.5,0.17,25.3,3.4,4.6,5.6
59.5,0.16,23.8,3.5,8.5,6.53
42.5,0.86,27.5,0.5,11.0,10.51
42.5,0.59,26.9,1.7,7.9,9.16
54.0,0.36,20.8,0.8,8.9,6.81
54.0,0.03,18.0,3.7,5.8,5.63
17.9,0.41,29.5,0.8,8.5,10.75
17.9,2.27,42.6,1.6,7.1,25.1
17.9,0.18,22.7,3.8,7.8,8.45
17.9,0.74,19.6,1.3,7.0,10.1
60.4,0.24,17.0,4.8,6.5,6.77
60.4,0.45,24.7,1.8,9.0,6.93
54.0,0.04,24.7,3.7,9.4,7.3
54.0,0.29,16.4,2.6,5.0,5.68
59.5,0.54,32.1,2.7,9.4,9.68
59.5,0.39,30.1,5.4,6.8,8.8
57.0,0.17,22.7,0.9,6.5,5.24
57.0,0.6,29.1,2.8,9.5,9.62
18.0,0.13,27.1,5.1,6.4,9.28
18.0,0.36,29.4,4.4,4.8,10.59
17.9,0.27,22.3,4.6,5.8,9.13
17.9,0.81,18.8,2.4,7.4,10.87
57.0,0.1,26.3,3.0,5.2,6.26
57.0,0.06,14.8,2.0,7.3,5.17
57.0,0.3,23.8,3.5,8.1,7.68
57.0,0.17,14.9,1.8,11.6,7.86
17.6,0.99,19.7,5.2,8.8,13.26
17.6,0.06,29.4,0.5,10.5,8.92
52.0,2.25,28.2,4.2,7.1,14.62
52.0,1.34,38.4,2.0,6.8,13.44
57.0,4.14,33.9,2.3,6.2,20.33
57.0,1.11,47.2,3.6,6.6,15.3
52.0,2.02,17.9,2.8,7.9,12.1
52.0,0.58,24.3,1.1,7.6,7.62
17.6,1.08,19.4,2.2,7.4,11.29
17.6,0.8,34.7,3.2,6.1,15.46
17.5,2.35,23.2,1.6,5.2,16.94
17.5,1.6,36.2,4.9,6.2,20.76
17.9,1.35,35.0,2.8,11.6,20.08
17.9,0.4,18.9,2.8,9.1,9.07
49.6,0.55,22.5,2.3,8.3,7.79
49.6,1.51,22.4,2.6,6.9,9.83
42.5,0.03,21.2,1.7,6.6,5.05
42.5,0.07,16.9,2.0,4.7,6.05
54.0,0.31,31.1,1.2,8.7,8.89
54.0,0.68,27.9,3.8,7.2,9.73
74.3,0.11,26.5,3.8,8.3,6.44
74.3,0.28,27.3,2.9,5.7,6.42
17.5,0.05,16.6,3.6,6.9,7.93
17.5,0.12,26.0,1.6,8.4,7.94
18.3,0.21,18.3,3.4,7.2,7.51
18.3,0.33,28.7,2.0,5.3,9.28
60.4,0.09,24.1,2.3,7.2,5.48
60.4,0.79,29.9,1.5,5.7,8.52
100.0,1.2,38.3,6.3,8.1,14.93
100.0,2.39,47.1,11.9,9.2,21.68
49.6,2.26,30.9,1.9,6.3,14.87
49.6,1.52,34.8,2.9,6.5,13.65
74.3,0.46,33.2,2.8,5.6,7.6
74.3,0.14,42.8,0.8,7.2,9.63
17.9,0.56,27.6,3.2,7.6,12.14
17.9,1.75,24.3,4.4,6.3,15.74
59.5,0.35,23.2,4.1,8.1,7.37
59.5,1.17,19.5,2.6,6.3,8.95
17.9,2.58,28.1,1.2,4.7,19.11
17.9,2.5,33.9,3.6,4.7,22.55
17.6,0.9,22.0,4.1,6.0,11.35
17.6,0.25,16.5,3.1,8.4,8.44
52.0,0.13,33.3,1.4,8.5,9.11
52.0,0.16,46.2,2.9,8.7,13.41
59.5,1.83,37.1,1.6,6.7,14.01
59.5,4.27,28.5,4.6,7.4,20.5
60.4,0.4,29.6,3.0,7.6,9.13
60.4,0.68,30.6,2.1,8.4,9.35
59.5,0.4,32.0,3.3,9.8,10.03
59.5,0.08,30.7,2.5,6.2,6.72
42.5,1.58,14.6,1.8,6.7,10.47
42.5,1.61,29.2,1.5,7.0,12.09
74.3,0.35,16.5,2.8,7.1,6.01
74.3,0.74,31.5,3.7,8.1,10.02
54.0,1.41,33.5,4.3,9.5,14.35
54.0,0.75,26.7,4.4,9.7,9.96
59.5,1.11,37.5,2.1,7.4,12.46
59.5,0.41,31.8,6.2,6.5,9.2
59.5,1.47,33.3,3.3,7.5,12.53
57.0,0.27,26.4,3.0,9.2,7.92
57.0,0.04,18.1,2.4,6.5,5.07
57.0,1.51,39.5,3.5,6.2,14.32
57.0,1.54,33.8,2.2,11.7,14.17
49.6,1.0,35.3,2.2,7.5,11.93
49.6,2.73,33.2,2.1,7.3,17.72
49.6,1.09,44.9,2.4,8.1,15.92
42.5,0.27,28.6,2.8,8.9,8.2
42.5,0.06,13.9,2.1,8.8,6.29
17.5,0.26,22.2,4.3,6.9,9.24
17.5,0.1,31.0,1.4,6.8,9.68
49.6,2.9,22.9,1.8,7.5,15.09
49.6,0.68,20.2,3.4,7.2,8.22
49.6,2.12,24.4,3.8,7.4,13.79
182.0,1.99,37.5,8.6,7.9,10.83
182.0,2.7,31.6,4.7,4.3,9.03
42.5,0.67,41.1,2.9,5.6,13.16
42.5,0.86,30.3,3.1,8.1,11.5
54.0,2.15,36.2,2.8,8.9,16.82
54.0,0.76,34.4,2.2,8.0,11.07
57.0,0.52,18.4,3.1,6.4,7.12
57.0,1.58,26.4,4.0,7.5,11.56
54.0,0.33,22.2,2.6,5.3,6.21
54.0,0.92,39.6,2.2,9.9,13.61
18.0,0.39,24.9,2.8,5.3,8.1
18.0,0.6,29.3,3.8,5.0,11.7
74.3,0.83,33.4,2.6,6.5,9.3
74.3,1.01,32.8,3.5,6.6,9.28
60.4,1.64,32.7,3.0,8.3,13.19
60.4,2.51,22.2,0.5,5.4,11.34
57.0,1.63,32.2,2.0,7.6,12.68
57.0,0.83,27.8,2.6,3.6,7.66
74.3,0.07,25.5,1.2,4.0,4.23
74.3,0.18,21.3,1.5,6.3,4.46
17.9,0.47,14.9,3.1,7.9,9.88
17.9,0.46,12.6,2.7,6.7,9.02
60.4,1.18,39.3,3.0,6.8,13.22
60.4,2.33,47.7,4.6,10.4,20.28
60.4,0.72,36.4,2.2,8.8,11.01
52.0,0.21,27.0,4.6,7.0,7.75
52.0,0.0,21.3,2.0,7.1,5.85
54.0,0.02,19.3,5.0,6.9,6.03
54.0,0.16,17.8,1.2,8.7,5.57
60.4,0.58,44.3,1.3,2.4,10.26
60.4,2.75,38.6,2.4,7.9,18.48
11.5,1.21,32.5,1.6,7.4,16.78
11.5,0.55,38.1,3.9,6.0,16.67
17.0,2.56,44.0,2.6,7.3,27.95
17.0,1.43,29.3,2.6,7.0,16.66
17.9,0.52,35.6,3.6,7.6,14.75
17.9,0.39,37.0,2.7,8.4,14.67
14.3,2.79,41.0,1.2,7.9,28.16
14.3,1.31,28.7,2.3,7.6,15.61
57.0,1.26,35.9,3.9,5.9,12.22
57.0,1.56,24.7,3.1,10.4,11.93
49.6,0.35,23.8,2.8,6.5,6.34
49.6,0.31,13.0,2.5,6.9,6.84
17.9,0.63,39.3,3.0,7.6,16.53
17.9,1.85,36.4,3.3,8.5,22.28
17.5,2.5,37.0,3.9,7.5,25.39
17.5,2.41,35.4,4.0,5.8,23.67
30.0,1.7,26.6,1.0,5.2,12.94
30.0,0.58,32.9,3.0,7.7,12.04
26.0,0.89,29.5,3.5,4.4,12.13
26.0,0.13,30.4,2.6,10.0,9.77
17.5,0.42,18.6,1.4,8.7,9.09
25.0,0.69,43.2,4.2,7.0,17.4
25.0,1.95,37.3,5.3,8.3,22.42
40.0,0.35,26.3,2.5,9.7,8.6
40.0,1.65,27.6,4.5,7.3,13.57
23.8,0.61,28.8,4.3,6.1,11.71
23.8,0.11,28.5,2.9,10.1,10.3
18.0,2.16,32.5,4.3,8.0,21.72
18.0,0.69,39.5,2.2,7.5,16.85
74.3,0.52,45.3,1.8,4.4,9.52
74.3,1.93,30.7,1.7,8.8,11.96
57.0,0.55,34.1,2.0,8.7,9.71
57.0,0.82,40.7,0.5,8.2,13.05
57.0,0.23,18.1,1.2,7.2,6.01
57.0,0.4,23.9,0.5,8.4,6.18
54.0,1.95,22.2,4.5,9.2,13.35
54.0,0.43,23.7,1.8,11.1,8.1
18.5,0.43,42.8,4.0,6.7,17.24
18.5,1.05,36.4,6.0,7.2,19.13
57.0,0.01,20.3,3.9,4.5,4.62
57.0,0.03,18.7,1.4,7.2,5.48
662.0,0.32,27.6,5.4,7.5,6.07
662.0,0.42,37.1,3.6,9.9,6.75
21.5,3.54,22.2,2.0,6.7,23.25
23.0,0.79,28.9,0.7,3.8,10.0
23.0,1.11,39.1,0.7,9.4,17.03
22.5,0.45,29.1,2.4,3.4,9.19
22.5,0.74,19.5,3.3,3.7,9.21
18.0,0.24,24.5,5.7,5.6,9.3
18.0,0.72,19.3,3.4,8.8,11.15
59.5,0.27,32.3,2.8,3.3,8.24
59.5,0.83,40.2,1.6,5.6,11.46
17.5,1.44,23.9,2.0,8.0,12.81
17.5,0.17,30.3,2.3,5.4,9.49
74.3,0.29,32.9,3.2,8.9,9.13
74.3,0.22,37.2,2.8,8.8,9.33
74.3,0.68,25.6,4.2,5.1,7.28
60.4,0.96,21.8,5.0,6.9,9.14
60.4,0.93,29.0,3.4,4.1,9.03
12.0,0.12,35.8,4.2,9.0,15.15
12.0,1.74,40.0,3.0,5.6,23.11
20.0,2.67,40.2,4.8,9.0,27.55
20.0,2.18,32.7,4.1,5.9,21.2
42.5,0.81,36.2,3.8,7.5,13.97
42.5,1.2,30.7,1.4,8.6,11.8
17.5,0.57,38.0,4.9,7.2,17.08
17.0,1.93,39.5,2.7,6.5,22.53
20.0,0.38,29.1,2.2,4.3,10.24
18.0,1.01,30.4,2.0,6.5,13.85
16.0,1.57,30.7,2.9,6.9,18.1
16.0,1.29,37.1,3.1,11.4,20.35
42.5,0.73,22.3,1.9,8.1,8.37
42.5,0.12,26.7,2.5,8.2,7.04
74.3,0.03,29.2,0.5,8.9,6.26
74.3,0.01,23.8,1.4,5.8,3.83
17.9,0.36,36.3,3.5,5.7,13.86
17.9,1.82,49.7,3.7,7.5,27.15
60.4,0.22,19.3,2.8,7.8,5.57
60.4,0.65,22.1,2.1,7.7,7.74
54.0,0.41,26.8,0.8,7.8,7.36
54.0,0.27,18.1,1.5,8.0,6.49
59.5,0.82,25.1,0.7,7.3,7.73
59.5,0.08,24.4,3.2,7.1,6.03
42.5,2.33,29.7,3.6,9.0,16.7
42.5,0.36,19.2,3.7,8.2,7.64
22.5,0.8,41.9,4.1,9.6,18.98
22.5,0.39,41.0,2.9,6.3,15.55
18.1,1.57,35.4,3.4,7.8,19.33
18.1,1.67,34.4,2.4,9.9,20.34
17.0,0.86,15.5,1.9,5.8,10.63
17.0,1.39,24.3,2.5,6.8,14.16
74.3,0.3,26.9,2.2,7.4,7.08
74.3,1.44,32.3,3.7,8.4,11.87
17.9,3.15,42.2,4.4,5.3,29.52
17.9,2.56,35.3,3.1,10.8,24.92
42.5,0.12,16.1,0.7,9.7,6.33
42.5,0.13,32.0,1.4,9.0,9.02
49.6,2.06,27.3,3.1,5.7,13.92
49.6,0.18,21.0,3.2,6.7,7.14
17.9,1.67,36.6,5.6,6.9,22.43
17.9,0.53,27.4,3.4,7.2,11.54
15.0,1.33,33.1,2.6,7.2,17.91
15.0,2.2,32.4,4.4,7.2,22.01
18.0,1.97,28.0,3.8,7.3,18.06
18.0,1.71,35.1,3.6,11.2,21.62
17.5,0.43,37.4,4.0,7.8,15.23
17.5,0.71,38.0,0.6,7.0,14.54
17.6,1.42,32.2,0.9,10.6,17.26
17.6,2.57,36.3,1.8,5.9,23.11
59.5,0.52,33.1,3.0,9.2,10.15
59.5,0.83,30.0,3.2,7.6,9.88
18.0,2.22,34.7,3.5,2.6,20.14
18.0,2.46,39.4,3.2,7.8,25.3
48.0,0.06,19.7,2.0,6.8,5.55
48.0,0.75,29.7,1.1,6.9,9.46
54.0,0.71,42.7,3.8,5.1,12.61
54.0,0.63,31.9,1.6,5.7,8.79
17.5,3.29,45.0,1.6,9.5,31.07
17.5,2.37,32.3,2.0,6.4,20.51
17.9,0.27,35.0,2.5,7.3,12.59
17.9,2.08,41.4,3.1,10.1,24.18
23.0,0.39,30.8,1.6,9.2,10.93
23.0,1.08,30.0,3.9,7.5,14.62
59.5,0.0,12.0,3.4,10.0,5.83
59.5,0.72,12.0,1.3,7.1,7.43
28.0,0.64,34.5,3.8,6.5,13.01
28.0,0.33,38.5,3.5,7.6,13.97
17.6,0.19,31.7,3.7,7.0,12.07
17.6,2.95,36.4,2.7,8.7,25.85
54.0,0.07,15.9,2.6,6.9,5.66
54.0,0.13,16.2,1.5,7.0,5.86
59.5,0.03,29.4,2.6,8.2,7.77
59.5,0.05,19.5,3.0,9.6,7.23
59.5,1.41,33.8,1.2,8.2,11.75
59.5,2.25,34.4,3.0,8.1,15.35
74.3,0.11,26.0,3.1,4.4,5.59
74.3,0.25,23.8,1.8,5.4,4.42
59.5,0.08,22.6,2.4,5.5,5.14
59.5,0.47,32.1,4.4,5.1,9.42
57.0,2.12,42.5,3.9,9.2,18.66
57.0,4.02,32.4,2.8,7.5,20.77
74.3,0.34,29.9,3.8,9.0,8.2
74.3,0.14,29.9,3.5,5.8,7.04
54.0,1.02,26.4,1.9,6.9,8.8
54.0,0.27,33.4,4.0,10.1,11.28
59.5,0.44,25.5,2.0,5.0,6.07
59.5,0.51,24.9,5.1,7.6,8.67
42.5,1.45,34.2,2.9,4.1,12.9
42.5,1.95,40.8,0.6,6.6,16.41
42.5,0.08,25.6,3.3,3.1,5.03
42.5,0.07,18.5,4.2,5.5,6.17
49.6,0.63,27.6,2.2,5.1,8.07
49.6,0.61,24.2,3.7,8.9,8.41
54.0,0.45,26.5,3.5,6.0,7.99
54.0,0.45,18.9,2.4,6.7,6.43
57.0,0.88,19.9,3.1,7.4,8.5
57.0,0.34,29.5,0.5,7.0,7.46
49.6,1.39,33.6,0.5,6.0,11.63
49.6,1.76,30.3,4.3,6.5,13.56
57.0,0.37,15.5,1.9,6.5,5.92
57.0,0.11,19.7,1.8,8.6,6.28
74.3,1.31,40.1,1.6,8.1,11.72
74.3,3.52,20.9,3.1,7.4,14.97
57.0,0.28,14.6,3.2,8.5,6.96
57.0,0.02,23.7,0.9,3.6,3.88
60.4,1.34,32.5,1.9,7.3,11.07
60.4,2.96,33.3,4.5,7.3,18.25
60.4,0.22,24.6,4.3,9.3,6.86
60.4,0.11,18.5,2.3,10.4,6.78
60.4,0.66,20.1,2.6,7.1,7.15
60.4,0.13,31.1,2.1,8.7,7.72
60.4,0.15,30.9,2.2,8.2,7.53
60.4,0.4,25.7,4.2,7.3,7.4
54.0,2.24,32.7,4.2,9.4,16.33
54.0,0.94,32.9,1.9,6.1,10.25
54.0,0.49,23.0,1.0,6.7,6.52
54.0,0.63,12.0,2.7,4.6,6.86
60.4,0.22,21.7,3.0,10.0,6.22
60.4,0.52,19.0,4.7,3.4,6.31
74.3,0.69,40.1,3.8,7.7,11.61
74.3,0.61,40.5,1.3,8.2,10.87
27.5,0.13,26.4,3.9,10.2,9.08
27.5,0.37,25.7,4.7,9.1,10.54
57.0,0.03,20.5,4.6,6.3,5.47
57.0,0.32,15.9,1.8,7.6,6.07
74.3,0.07,21.8,3.5,5.6,5.35
74.3,0.27,26.6,2.6,8.2,6.22
59.5,0.02,26.8,2.6,11.2,6.92
59.5,0.47,26.8,1.5,7.0,7.4
57.0,0.61,24.4,2.8,7.2,7.29
57.0,3.58,34.3,3.8,8.3,20.68
74.3,0.97,29.6,2.7,8.8,9.72
74.3,0.48,30.3,1.7,5.6,6.56
54.0,0.75,37.7,2.4,7.6,11.33
54.0,2.44,42.9,2.6,7.7,19.05
60.4,2.36,47.6,1.7,7.5,18.55
60.4,0.97,35.5,3.0,5.3,10.86
54.0,0.35,31.6,3.3,11.2,10.43
54.0,0.41,23.2,2.0,10.5,8.65
57.0,0.58,26.9,2.2,7.0,7.77
57.0,0.83,17.3,2.8,8.1,7.91
54.0,1.61,31.9,4.7,8.1,13.84
54.0,3.04,44.0,4.0,5.6,20.85
57.0,2.67,34.3,4.7,6.0,16.94
57.0,1.32,33.4,3.7,8.0,12.33
59.5,1.99,27.2,1.8,3.8,11.59
59.5,0.93,37.4,2.0,9.6,12.48
60.4,1.77,31.6,2.3,5.7,12.18
60.4,3.03,36.8,3.2,9.3,18.23
49.6,0.61,40.3,2.5,8.0,12.93
49.6,0.25,29.6,1.8,7.1,8.09
60.4,1.55,28.8,0.5,8.5,10.53
60.4,1.26,25.5,1.8,5.5,9.43
74.3,4.5,33.7,3.4,7.0,19.51
74.3,1.76,36.2,3.3,6.0,12.61
59.5,0.65,30.8,2.4,5.7,8.47
59.5,0.01,23.2,1.6,9.2,4.77
49.6,0.8,38.3,3.2,9.4,13.08
49.6,1.93,32.9,1.9,8.6,14.52
74.3,0.6,32.5,4.3,5.9,8.97
74.3,0.09,19.4,3.9,6.8,6.24
54.0,0.57,25.4,2.3,6.9,7.69
54.0,0.05,32.8,2.0,9.6,9.08
59.5,0.75,23.4,3.3,10.4,9.04
59.5,0.4,26.4,4.2,8.5,7.53
60.4,1.06,33.8,3.7,6.2,11.06
60.4,1.42,40.4,5.8,7.5,15.8
60.4,0.02,14.2,2.5,10.5,7.04
60.4,0.0,22.8,0.9,7.0,4.61
59.5,0.05,23.9,2.1,8.7,6.07
59.5,0.63,24.3,2.5,7.3,7.41
54.0,0.51,16.6,3.0,6.5,7.33
54.0,0.16,13.5,1.2,4.9,5.01
54.0,2.76,30.0,2.4,10.1,16.49
54.0,0.52,35.8,1.4,7.9,10.06
57.0,0.24,20.1,0.8,10.0,6.25
57.0,0.15,20.5,2.9,8.5,7.27
57.0,0.76,35.1,3.0,7.1,10.95
57.0,0.12,39.3,3.3,6.5,10.05
54.0,0.93,19.3,1.2,10.2,8.68
54.0,0.13,21.1,2.9,4.6,5.76
18.0,0.46,18.9,2.4,6.8,9.45
18.0,0.3,32.6,1.3,5.9,10.25
49.6,0.03,28.2,2.8,7.9,7.03
49.6,0.46,21.2,1.9,7.7,7.06
18.0,1.03,17.1,4.0,6.8,13.38
18.0,1.51,28.3,1.3,9.4,15.65
60.4,0.98,34.1,0.5,7.8,9.84
60.4,1.76,27.8,2.7,7.2,11.87
49.6,0.14,19.1,0.6,5.2,4.33
49.6,0.31,21.8,1.8,7.6,5.95
59.5,1.13,35.2,4.4,7.6,12.5
59.5,1.07,37.1,3.5,6.7,11.78
18.0,0.18,23.1,2.6,5.9,6.97
18.0,0.04,18.3,2.9,6.6,7.45
57.0,1.52,21.0,0.5,4.1,8.15
57.0,1.51,24.7,3.4,6.5,10.93
74.3,0.06,28.6,2.6,6.3,5.94
74.3,0.04,23.5,4.0,5.8,5.22
60.4,0.01,18.0,2.1,5.8,4.45
60.4,0.1,24.1,3.6,5.2,5.19
74.3,0.06,21.2,3.8,8.5,5.78
74.3,2.68,17.9,4.2,8.3,13.11
57.0,1.17,25.9,1.5,5.0,8.37
57.0,0.12,22.6,1.1,5.7,4.98
59.5,1.22,31.6,2.0,9.5,11.37
59.5,1.07,18.1,0.7,8.2,8.96
74.3,0.57,37.8,2.1,2.8,8.93
74.3,0.34,30.9,2.7,6.3,7.92
18.0,1.49,39.5,3.2,9.2,21.12
18.0,0.7,35.7,2.5,4.1,14.27
74.3,1.73,37.6,3.7,7.8,13.22
74.3,2.24,33.1,1.3,8.9,12.85
57.0,0.31,24.5,2.5,8.7,7.61
57.0,0.29,26.7,3.2,5.3,6.6
57.0,2.34,34.2,2.1,10.3,16.2
57.0,2.07,40.9,0.5,9.9,17.29
74.3,1.21,26.2,3.8,6.6,9.43
74.3,0.17,26.3,2.9,9.5,6.57
60.4,0.32,20.3,3.9,8.8,8.16
60.4,0.36,39.8,2.4,12.0,12.92
54.0,1.12,20.3,3.2,5.8,8.54
54.0,0.18,25.7,1.9,5.5,6.1
59.5,0.16,17.8,2.3,5.7,5.21
59.5,0.01,21.8,2.0,7.1,4.43
74.3,0.06,20.4,4.4,7.0,6.43
74.3,0.29,23.2,2.9,7.8,5.45
18.0,1.39,50.0,2.3,8.2,23.96
18.0,0.22,19.6,5.2,6.6,9.35
54.0,0.44,39.3,3.9,3.9,10.74
54.0,2.17,41.5,1.1,7.8,16.87
60.4,0.33,19.3,1.9,5.2,5.72
60.4,0.08,19.9,0.9,4.8,3.39
57.0,0.05,20.3,1.2,10.7,6.32
57.0,0.22,19.3,3.0,6.8,6.72
49.6,0.56,26.3,2.4,6.1,7.51
49.6,1.09,19.6,1.7,4.3,8.01
18.0,0.11,20.8,3.7,5.2,7.52
18.0,0.01,25.0,2.1,7.2,6.4
60.4,0.09,22.3,1.4,4.7,3.71
60.4,0.03,18.5,2.1,7.2,5.03
59.5,0.36,29.0,2.7,8.6,8.88
59.5,0.66,25.7,2.1,5.6,7.15
57.0,0.14,18.6,3.4,7.6,6.16
57.0,0.35,21.5,1.7,6.4,6.06
74.3,0.07,21.1,2.1,4.7,4.13
74.3,0.37,25.9,0.6,7.3,5.59
49.6,3.17,43.2,1.6,4.3,20.86
49.6,1.81,31.8,3.5,8.7,15.02
49.6,0.07,23.4,2.6,4.6,5.05
49.6,0.07,28.6,3.2,10.3,8.76
59.5,0.17,23.4,1.4,7.0,5.53
59.5,0.02,31.6,2.0,9.8,8.47
54.0,1.06,29.1,4.2,6.2,10.44
54.0,0.24,19.1,4.5,8.1,7.5
60.4,0.61,41.8,1.2,7.3,11.35
60.4,4.5,32.8,3.2,3.0,20.27
18.0,0.21,22.3,2.8,9.2,9.33
18.0,0.12,22.5,0.9,6.8,6.65
59.5,3.52,38.9,3.8,10.6,21.4
59.5,1.21,33.7,1.8,7.9,12.58
49.6,0.02,22.4,1.9,5.8,5.39
49.6,0.32,22.9,2.8,8.9,6.96
54.0,0.53,25.9,3.0,6.4,7.18
54.0,0.26,19.9,2.6,4.9,5.41
18.0,1.62,35.5,2.0,7.8,19.11
18.0,4.25,28.8,1.8,6.3,28.26
74.3,3.28,36.9,0.5,8.3,17.42
74.3,1.6,38.4,2.5,9.2,13.31
36.0,0.19,31.8,2.9,5.0,8.74
36.0,1.46,20.0,3.7,6.4,11.79
60.0,0.14,29.8,2.7,6.4,6.67
60.0,0.05,22.7,2.4,5.9,4.82
20.0,0.11,25.4,2.8,3.7,6.41
20.0,0.42,22.6,0.5,11.5,9.53
18.0,0.18,27.3,1.5,8.3,8.96
18.0,0.17,22.4,2.9,5.6,7.19
60.4,0.27,13.3,4.4,6.3,5.95
60.4,0.25,23.3,1.1,6.0,4.29
18.0,0.93,30.4,4.4,7.8,15.48
18.0,0.81,31.0,2.8,6.1,13.67
49.6,0.22,20.4,4.0,4.4,6.6
49.6,0.41,20.3,4.2,9.9,8.44
57.0,0.27,19.7,5.0,7.9,7.11
57.0,0.2,24.4,3.6,8.5,6.9
59.5,0.86,36.6,3.2,9.3,12.49
59.5,1.06,36.9,2.0,7.8,11.51
49.6,1.71,34.0,3.1,10.1,15.56
49.6,2.65,38.8,3.3,8.8,19.27
54.0,1.01,30.5,3.0,7.0,10.63
54.0,1.7,28.5,3.2,6.2,11.79
74.3,0.43,18.7,3.8,8.8,8.4
74.3,0.86,26.3,3.0,8.4,8.01
59.5,0.04,17.6,3.3,8.4,5.86
59.5,0.03,19.4,5.2,6.7,7.28
60.4,1.06,33.3,1.5,6.7,10.41
60.4,2.88,34.5,2.3,6.1,16.14
57.0,0.38,21.2,4.0,7.4,7.16
57.0,1.22,30.4,4.0,3.4,10.84
59.5,0.22,28.9,1.6,5.4,6.99
59.5,0.33,12.8,4.6,7.4,7.25
54.0,0.23,20.1,2.8,6.5,6.37
54.0,0.76,31.4,2.7,6.0,10.25
18.0,0.04,26.3,3.8,7.9,9.19
18.0,0.09,16.7,3.9,5.8,7.07
54.0,0.14,19.3,2.5,9.2,6.76
54.0,0.03,27.8,3.0,7.0,7.63
57.0,4.06,31.1,2.1,6.0,19.88
57.0,2.35,44.4,1.2,5.4,16.64
18.0,0.28,28.0,3.7,9.4,11.27
18.0,0.28,34.7,5.7,5.3,13.71
42.5,0.09,21.3,3.1,6.8,5.79
42.5,0.22,26.5,0.5,6.4,6.0
36.0,0.1,26.0,2.6,5.4,6.49
36.0,0.18,30.7,2.5,4.8,8.23
18.0,0.04,30.4,2.8,7.2,9.54
18.0,0.19,27.2,2.6,7.3,9.22
40.0,0.13,25.2,3.7,7.3,6.85
40.0,0.17,27.5,3.7,10.4,8.99
20.0,0.01,25.3,0.5,6.8,5.55
20.0,0.11,18.1,2.5,6.8,7.18
60.0,0.04,25.3,0.5,4.4,4.51
60.0,0.31,17.7,2.1,7.7,6.06
55.0,0.03,15.7,1.9,7.6,5.53
55.0,0.02,23.6,2.8,7.3,5.95
60.0,0.13,27.3,2.7,5.5,6.7
60.0,0.75,27.7,3.2,9.1,9.87
55.0,0.8,39.4,1.6,6.3,10.87
55.0,1.7,39.2,3.1,4.4,14.1
20.0,0.57,38.1,2.2,9.2,15.83
20.0,0.8,38.2,3.0,8.3,16.52
40.0,2.22,40.8,4.8,6.8,20.74
40.0,0.47,35.2,2.8,7.1,11.78
18.0,0.95,36.1,2.1,6.8,15.27
18.0,1.04,40.3,3.4,8.0,19.09
18.0,0.15,28.0,2.6,7.3,8.99
18.0,0.54,22.1,3.2,5.8,9.52
42.5,1.15,37.4,2.0,8.4,14.79
42.5,0.82,21.1,2.7,6.4,8.94
20.0,0.33,25.5,3.8,6.9,9.69
20.0,0.19,32.1,1.1,7.9,10.6
36.0,0.12,28.3,1.5,9.1,8.54
36.0,0.34,35.6,5.0,10.3,13.03
55.0,0.34,18.0,3.3,6.1,7.01
55.0,0.25,26.7,2.0,10.3,7.68
55.0,0.62,26.2,4.6,7.9,9.44
55.0,0.48,28.4,2.6,8.2,7.97
60.2,0.09,22.6,3.0,6.1,4.88
60.2,0.6,14.3,0.7,8.4,5.96
20.0,0.09,12.7,1.8,7.9,6.57
20.0,0.12,22.0,4.0,7.6,8.36
42.5,0.56,18.2,2.1,8.0,8.41
42.5,0.19,17.3,3.4,5.7,6.57
40.0,0.0,35.9,3.7,9.0,10.47
40.0,0.45,33.4,1.7,6.8,10.07
18.0,0.2,18.1,1.4,5.4,6.75
18.0,0.04,26.2,2.7,8.2,8.38
